Tanggal,Region_Code,Promo_Active,Daily_Ad_Spend,Website_Traffic,Daily_Revenue
2023-09-20,JABODETABEK, CASHBACK 50K ,2162246.0,7600,Rp 49.362.908
2023-12-16,SULAWESI,cashback 50k,2724843.0,2970,Rp 19.980.313
2023-08-26,JABODETABEK, DISKON 20% ,1186002.0,5667,Rp 75.667.735
2023-12-16,JAWA TIMUR, DISKON 20% ,2079296.0,6108,Rp 74.303.388
2023-11-08,JABODETABEK,cashback 50k,2418979.0,8052,Rp 62.127.957
2023-11-27,JAWA TIMUR,Diskon 20%,1735481.0,2665,Rp 31.593.109
2023-07-31,SULAWESI,Diskon 20 %,3688776.0,5747,Rp 52.664.036
2023-12-09,BALI,diskon 20%,884850.0,2282,Rp 30.583.542
2023-11-17,SULAWESI, CASHBACK 50K ,4964188.0,5881,Rp 43.887.696
2023-10-26,JAWA BARAT,Diskon 20%,759505.0,3048,Rp 28.070.844
2023-07-12,JAWA TIMUR,cashback 50k,1824868.0,5359,Rp 29.192.837
2023-07-15,JAWA TIMUR,Diskon-20%,1777268.0,3733,Rp 45.722.947
2023-08-09,JAWA BARAT,CB 50K,3936178.0,8229,Rp 46.375.420
2023-07-27,BALI,Cashback 50K,4600707.0,11260,Rp 113.255.439
2023-10-05,SULAWESI,Diskon-20%,3366528.0,6488,Rp 62.772.098
2023-08-04,JABODETABEK, DISKON 20% ,3992117.0,11689,Rp 195.250.047
2023-10-07,SUMATERA,cashback 50k,2322963.0,3560,Rp 27.665.493
2023-08-14,JAWA TIMUR, DISKON 20% ,3595819.0,10086,Rp 103.545.353
2023-08-11,SULAWESI,Cashback 50k,1991118.0,3732,Rp 27.218.640
2023-09-04,JAWA TIMUR, CASHBACK 50K ,1867060.0,3273,Rp 27.111.857
2023-09-24,JAWA TIMUR,diskon 20%,3900402.0,6042,Rp 84.855.932
2023-12-16,BALI, DISKON 20% ,1438302.0,3313,Rp 41.783.568
2023-12-13,SUMATERA,Cashback 50k,2421312.0,5860,Rp 56.011.647
2023-12-06,SUMATERA,diskon 20%,1999551.0,3948,Rp 48.206.646
2023-11-29,BALI,Diskon 20 %,,6246,Rp 98.960.273
2023-09-13,BALI,Diskon 20%,3826013.0,5478,Rp 79.770.057
2023-10-11,JAWA BARAT,Diskon 20 %,3839549.0,7827,Rp 82.961.093
2023-09-01,SULAWESI,Cashback 50K,2920906.0,4060,Rp 26.087.331
2023-12-20,JABODETABEK,diskon 20%,4403745.0,12155,Rp 115.575.585
2023-11-06,JABODETABEK,Diskon-20%,4725202.0,12061,Rp 155.407.003
2023-12-27,JAWA TIMUR,CB 50K,3866092.0,5488,Rp 36.912.698
2023-09-11,JAWA BARAT,diskon 20%,4229308.0,8450,Rp 139.857.949
2023-08-25,JAWA TIMUR,Diskon-20%,1023154.0,3513,Rp 33.698.306
2023-07-29,SULAWESI,Diskon 20%,3105925.0,5931,Rp 81.147.284
2023-08-03,JAWA TIMUR,Cashback 50k,2143588.0,5021,Rp 47.924.809
2023-11-20,JABODETABEK, DISKON 20% ,2981709.0,7881,Rp 117.007.014
2023-09-18,SULAWESI,Diskon-20%,2199710.0,4377,Rp 54.469.310
2023-10-29,SUMATERA, DISKON 20% ,2557763.0,2978,Rp 36.610.476
2023-07-03,JAWA BARAT,CB 50K,2077614.0,4518,Rp 36.718.977
2023-11-05,JAWA TIMUR,CB 50K,1336496.0,3002,Rp 26.241.980
2023-07-08,SUMATERA,Cashback 50K,521006.0,1673,Rp 8.754.466
2023-07-23,JAWA TIMUR,Cashback 50k,848127.0,2618,Rp 23.702.544
2023-08-10,SULAWESI,Diskon-20%,3380498.0,5371,Rp 67.867.129
2023-10-14,SUMATERA,Diskon 20 %,3769006.0,3892,Rp 56.764.315
2023-07-08,JABODETABEK, CASHBACK 50K ,924949.0,3744,Rp 33.310.752
2023-09-13,JABODETABEK,Diskon 20 %,2779860.0,8100,Rp 109.359.501
2023-10-19,JAWA TIMUR,Cashback 50K,2371562.0,6682,Rp 60.658.782
2023-07-15,JAWA BARAT,CB 50K,2189513.0,4128,Rp 34.259.398
2023-12-31,SUMATERA, DISKON 20% ,675851.0,2120,Rp 23.154.253
2023-09-23,JAWA BARAT,Cashback 50k,2614572.0,7233,Rp 63.488.701
2023-11-15,BALI,diskon 20%,4062952.0,9104,Rp 126.013.541
2023-10-01,SULAWESI,Cashback 50k,3976677.0,3897,Rp 27.349.730
2023-11-11,JAWA BARAT,Cashback 50K,4443127.0,103480,Rp 188.317
2023-11-18,JABODETABEK,Diskon-20%,507724.0,3428,Rp 52.994.572
2023-12-21,SULAWESI,CB 50K,3960307.0,5012,Rp 34.121.357
2023-09-26,SUMATERA,Diskon-20%,1026213.0,2585,Rp 24.874.625
2023-08-28,JABODETABEK,Diskon 20%,2170606.0,9420,Rp 106.724.795
2023-10-20,SULAWESI, DISKON 20% ,1698236.0,3744,Rp 40.331.444
2023-09-03,SULAWESI,Cashback 50K,1587874.0,3108,Rp 22.671.566
2023-12-27,BALI, CASHBACK 50K ,1169730.0,3267,Rp 15.010.886
2023-12-08,BALI,Cashback 50K,3965402.0,7203,Rp 60.339.372
2023-08-24,JAWA TIMUR,diskon 20%,815163.0,2829,Rp 28.837.064
2023-08-20,SUMATERA, CASHBACK 50K ,4427025.0,8489,Rp 51.058.478
2023-07-16,BALI,Diskon 20 %,3847837.0,4778,Rp 64.951.817
2023-07-29,SUMATERA,Diskon 20%,1638823.0,3234,Rp 33.213.676
2023-11-26,JAWA TIMUR,Cashback 50K,3353663.0,7500,Rp 45.629.049
2023-07-25,JAWA BARAT,cashback 50k,3004599.0,4949,Rp 39.919.141
2023-11-09,JAWA BARAT,Diskon 20%,2158846.0,6370,Rp 98.462.721
2023-10-20,JABODETABEK,Diskon 20 %,3347611.0,9877,Rp 130.418.062
2023-12-24,JAWA BARAT,Diskon-20%,4711257.0,10347,Rp 147.691.980
2023-10-26,JABODETABEK,Diskon-20%,3054879.0,8159,Rp 73.241.782
2023-07-24,JABODETABEK,Diskon-20%,1692639.0,5039,Rp 53.120.897
2023-12-02,JAWA BARAT,Cashback 50K,3815710.0,5882,Rp 31.439.712
2023-08-03,BALI,Cashback 50k,2618814.0,4099,Rp 35.203.660
2023-12-04,JAWA TIMUR,CB 50K,1969388.0,3870,Rp 37.373.986
2023-10-26,SUMATERA,Diskon-20%,1096503.0,2031,Rp 26.099.677
2023-10-15,BALI,CB 50K,1684647.0,4219,Rp 25.222.836
2023-08-22,JAWA BARAT,Cashback 50k,3432385.0,9447,Rp 65.480.531
2023-12-06,JABODETABEK,Diskon 20 %,1704106.0,6406,Rp 93.328.056
2023-09-29,SUMATERA,Diskon-20%,1104562.0,2337,Rp 29.404.434
2023-08-22,JAWA TIMUR, DISKON 20% ,4963736.0,9825,Rp 115.514.929
2023-07-27,JABODETABEK,Diskon 20 %,2111999.0,9531,Rp 98.454.157
2023-08-05,JABODETABEK,Diskon 20%,4303211.0,10401,Rp 130.918.880
2023-12-29,SUMATERA, DISKON 20% ,3427213.0,6372,Rp 62.020.162
2023-07-18,JAWA BARAT,Diskon 20 %,1579667.0,4181,Rp 46.245.855
2023-07-17,JAWA BARAT, CASHBACK 50K ,4187842.0,9362,Rp 57.234.666
2023-10-29,JAWA BARAT, DISKON 20% ,4973588.0,7222,Rp 72.362.375
2023-09-15,BALI,CB 50K,1111104.0,3319,Rp 20.215.110
2023-08-19,SULAWESI,CB 50K,3447356.0,6186,Rp 47.781.053
2023-10-03,JAWA TIMUR,Diskon 20 %,1476391.0,3864,Rp 39.711.792
2023-08-21,JAWA BARAT,Cashback 50K,1093421.0,3630,Rp 28.440.552
2023-07-13,JABODETABEK,Cashback 50K,3957972.0,9850,Rp 50.459.808
2023-12-26,JABODETABEK,CB 50K,1897710.0,7025,Rp 51.098.472
2023-11-01,BALI,CB 50K,2266739.0,4169,Rp 42.060.776
2023-08-10,BALI, DISKON 20% ,4593625.0,5841,Rp 100.310.274
2023-12-15,BALI,Diskon-20%,2982798.0,4284,Rp 41.192.502
2023-12-22,SUMATERA,Diskon 20%,1579255.0,4007,Rp 33.880.821
2023-10-20,JAWA TIMUR,Cashback 50K,2627335.0,6075,Rp 52.336.953
2023-10-25,JAWA TIMUR, CASHBACK 50K ,2665099.0,5782,Rp 31.519.118
2023-08-16,JAWA TIMUR,Cashback 50k,4362476.0,11455,Rp 61.594.966
2023-08-18,SULAWESI,Cashback 50k,2520455.0,3579,Rp 17.171.236
2023-12-19,SULAWESI,Diskon 20%,1760015.0,2926,Rp 30.304.144
2023-10-02,SUMATERA, CASHBACK 50K ,1914590.0,4407,Rp 32.149.712
2023-07-15,JABODETABEK,cashback 50k,1326781.0,4221,Rp 32.232.662
2023-08-12,JABODETABEK,Diskon 20 %,4150178.0,9391,Rp 128.289.660
2023-08-13,SUMATERA,diskon 20%,4884004.0,7831,Rp 89.243.095
2023-12-12,JAWA BARAT,CB 50K,1536247.0,4290,Rp 30.207.852
2023-09-18,BALI,Diskon-20%,3816878.0,7981,Rp 94.636.844
2023-08-20,SULAWESI, DISKON 20% ,1712779.0,3004,Rp 44.833.858
2023-08-22,SUMATERA,Diskon 20%,2563207.0,4577,Rp 61.025.895
2023-12-22,JAWA TIMUR, DISKON 20% ,3341419.0,9502,Rp 83.809.922
2023-10-29,BALI,diskon 20%,2459729.0,3962,Rp 47.314.119
2023-12-09,SUMATERA,cashback 50k,1621875.0,3740,Rp 18.206.725
2023-09-05,JAWA BARAT,diskon 20%,1584746.0,5155,Rp 77.703.430
2023-12-17,BALI,Diskon 20 %,2004316.0,3595,Rp 46.558.932
2023-11-24,JAWA TIMUR,cashback 50k,1418277.0,4399,Rp 31.611.867
2023-10-01,JAWA BARAT, DISKON 20% ,649563.0,2052,Rp 31.553.104
2023-11-21,JAWA BARAT,Diskon 20%,4984138.0,8651,Rp 135.713.657
2023-07-12,JAWA BARAT,Diskon 20 %,1175879.0,4087,Rp 50.997.644
2023-07-30,SUMATERA,Diskon 20%,2435289.0,4625,Rp 54.015.019
2023-11-14,BALI, DISKON 20% ,1186957.0,2459,Rp 23.772.273
2023-09-14,JAWA TIMUR, DISKON 20% ,3721271.0,6241,Rp 75.681.977
2023-08-06,BALI,Cashback 50k,2244142.0,5220,Rp 24.056.521
2023-08-04,BALI,Cashback 50K,,3700,Rp 18.606.755
2023-08-08,JAWA BARAT,Diskon 20%,1889608.0,3800,Rp 53.718.972
2023-11-16,BALI,diskon 20%,1475409.0,2242,Rp 16.696.170
2023-10-06,SUMATERA,cashback 50k,3847448.0,4622,Rp 41.676.121
2023-12-20,SUMATERA,Cashback 50K,4013972.0,6920,Rp 50.499.941
2023-09-28,JAWA TIMUR,Diskon 20%,,4047,Rp 66.204.471
2023-12-18,JAWA TIMUR, DISKON 20% ,,5893,Rp 71.513.634
2023-11-15,JABODETABEK,diskon 20%,4477589.0,17277,Rp 178.823.704
2023-08-14,SUMATERA,Diskon 20 %,3211176.0,93860,Rp 298.776
2023-10-28,JAWA BARAT,cashback 50k,3169104.0,9579,Rp 74.720.453
2023-10-21,BALI,cashback 50k,1836335.0,4915,Rp 35.282.917
2023-07-09,JAWA TIMUR, CASHBACK 50K ,864490.0,2031,Rp 13.728.379
2023-09-15,JAWA BARAT, CASHBACK 50K ,3985574.0,10413,Rp 98.880.867
2023-07-28,BALI,Diskon 20%,716617.0,2150,Rp 22.496.065
2023-09-03,SUMATERA,Diskon-20%,3708512.0,5473,Rp 47.935.322
2023-12-30,SULAWESI,Cashback 50k,3682452.0,6124,Rp 30.484.573
2023-07-08,JAWA BARAT,cashback 50k,4786196.0,12789,Rp 114.367.331
2023-07-21,JABODETABEK,CB 50K,3767621.0,14397,Rp 91.041.532
2023-12-22,BALI, DISKON 20% ,4223603.0,5791,Rp 63.672.592
2023-07-31,JAWA TIMUR,Diskon 20%,3427953.0,9273,Rp 96.010.480
2023-10-17,JABODETABEK,diskon 20%,2668903.0,7836,Rp 94.976.388
2023-11-03,SULAWESI,Diskon 20 %,1965651.0,2767,Rp 40.501.900
2023-08-07,SULAWESI,cashback 50k,4735993.0,7457,Rp 43.235.845
2023-09-25,JAWA BARAT,Diskon-20%,929202.0,3827,Rp 44.070.950
2023-11-05,SUMATERA, CASHBACK 50K ,,2827,Rp 13.248.312
2023-07-06,BALI,Diskon-20%,1288198.0,2085,Rp 25.570.367
2023-10-09,SUMATERA,Diskon 20 %,3973662.0,4459,Rp 59.353.701
2023-08-18,SUMATERA, DISKON 20% ,676234.0,1987,Rp 23.805.392
2023-09-24,JAWA BARAT,Diskon 20%,4871747.0,14100,Rp 133.099.116
2023-10-22,JABODETABEK,CB 50K,1914188.0,6867,Rp 43.659.203
2023-08-23,JAWA TIMUR,Diskon 20 %,4160320.0,5590,Rp 83.537.732
2023-11-09,SUMATERA,Cashback 50K,4720579.0,7973,Rp 50.024.577
2023-09-03,JABODETABEK,cashback 50k,2474015.0,9942,Rp 86.703.065
2023-08-29,JAWA TIMUR,Cashback 50K,2118771.0,4428,Rp 27.950.332
2023-08-08,JABODETABEK,Diskon 20%,3163646.0,8643,Rp 110.010.381
2023-10-31,JABODETABEK,Cashback 50K,2263082.0,5730,Rp 33.884.306
2023-08-01,JAWA TIMUR,Cashback 50K,2501042.0,7014,Rp 62.448.389
2023-10-06,SULAWESI,Diskon-20%,933094.0,1938,Rp 25.617.986
2023-10-23,JAWA BARAT,diskon 20%,3770712.0,7890,Rp 78.739.616
2023-07-27,JAWA BARAT, CASHBACK 50K ,683882.0,2187,Rp 19.545.493
2023-10-30,JAWA TIMUR, DISKON 20% ,3893503.0,9599,Rp 133.504.820
2023-07-25,SUMATERA, CASHBACK 50K ,2155981.0,3093,Rp 19.981.307
2023-08-01,SULAWESI,diskon 20%,3859507.0,6710,Rp 83.133.784
2023-12-13,JAWA TIMUR,Diskon 20 %,4346131.0,10703,Rp 172.186.719
2023-10-12,JAWA TIMUR,Diskon 20 %,3233582.0,7638,Rp 117.815.539
2023-08-27,SUMATERA,Cashback 50k,1479261.0,3228,Rp 27.371.750
2023-12-21,BALI,CB 50K,4545341.0,11086,Rp 91.269.584
2023-12-26,SUMATERA,Cashback 50K,2664497.0,3347,Rp 23.163.529
2023-07-02,JAWA BARAT,Cashback 50K,673850.0,3132,Rp 21.143.007
2023-07-17,JAWA TIMUR, CASHBACK 50K ,4978366.0,12621,Rp 84.116.927
2023-12-01,JABODETABEK,Diskon-20%,1419141.0,5672,Rp 73.312.517
2023-09-30,JABODETABEK, CASHBACK 50K ,3550650.0,14375,Rp 63.727.570
2023-12-13,JABODETABEK,cashback 50k,809647.0,3126,Rp 20.054.152
2023-08-02,SULAWESI,Diskon 20 %,3079156.0,3044,Rp 30.123.848
2023-09-27,JAWA BARAT,Cashback 50k,4510745.0,12540,Rp 93.255.395
2023-12-27,SUMATERA,Diskon 20 %,2066526.0,4091,Rp 62.163.892
2023-10-24,JAWA BARAT, CASHBACK 50K ,3000285.0,8458,Rp 60.641.908
2023-11-30,BALI,diskon 20%,2685862.0,4166,Rp 60.862.524
2023-11-21,SUMATERA,CB 50K,4847817.0,6839,Rp 66.643.140
2023-11-15,JAWA TIMUR,Diskon 20 %,3872108.0,5726,Rp 84.792.453
2023-07-28,JAWA TIMUR, CASHBACK 50K ,1682111.0,4072,Rp 33.223.198
2023-10-08,JAWA BARAT,Diskon-20%,4720656.0,11084,Rp 90.552.613
2023-10-06,JABODETABEK,Diskon 20 %,3281313.0,13685,Rp 172.742.395
2023-11-23,SULAWESI,diskon 20%,884436.0,1660,Rp 21.611.199
2023-07-06,JAWA BARAT, DISKON 20% ,4200758.0,10579,Rp 97.358.585
2023-12-12,SULAWESI,CB 50K,1137935.0,2428,Rp 17.258.351
2023-09-15,JAWA TIMUR, CASHBACK 50K ,,5698,Rp 33.624.129
2023-11-06,SULAWESI,Cashback 50K,2106505.0,4543,Rp 27.525.597
2023-07-21,SULAWESI,diskon 20%,1736031.0,2617,Rp 28.758.271
2023-12-12,BALI,cashback 50k,2122801.0,3138,Rp 27.989.559
2023-12-30,JABODETABEK,Diskon 20%,2015533.0,5430,Rp 57.998.420
2023-08-11,SUMATERA,CB 50K,3238601.0,5156,Rp 25.518.080
2023-11-08,SUMATERA,CB 50K,2459808.0,3183,Rp 33.233.213
2023-09-10,JAWA BARAT,diskon 20%,4152346.0,7414,Rp 87.122.253
2023-11-11,SUMATERA,cashback 50k,1961309.0,4659,Rp 40.041.000
2023-12-19,SUMATERA,Diskon-20%,3727500.0,4912,Rp 63.526.325
2023-07-26,SULAWESI, CASHBACK 50K ,2225114.0,4385,Rp 31.380.622
2023-10-08,BALI,CB 50K,3648897.0,5282,Rp 50.373.110
2023-12-25,JABODETABEK,cashback 50k,1271086.0,6506,Rp 41.645.587
2023-10-02,JABODETABEK,diskon 20%,3120302.0,9074,Rp 111.765.420
2023-12-17,JABODETABEK,diskon 20%,647971.0,3985,Rp 45.471.164
2023-07-16,JABODETABEK,Diskon 20%,4755086.0,18535,Rp 177.404.206
2023-11-07,JABODETABEK,cashback 50k,1460654.0,3662,Rp 31.731.951
2023-12-02,SULAWESI,Cashback 50k,4381556.0,6284,Rp 51.965.120
2023-11-28,JAWA TIMUR,Diskon 20 %,4380708.0,7187,Rp 89.138.371
2023-07-10,SUMATERA,Cashback 50k,1761911.0,2304,Rp 20.614.213
2023-07-07,SULAWESI,CB 50K,3089839.0,6012,Rp 51.452.826
2023-08-21,SUMATERA,Cashback 50K,,6476,Rp 45.245.890
2023-09-01,SUMATERA,Diskon-20%,2764149.0,3627,Rp 41.136.624
2023-09-18,JAWA TIMUR, DISKON 20% ,4551532.0,11879,Rp 120.156.479
2023-12-20,BALI,Cashback 50k,1043436.0,3224,Rp 26.605.761
2023-12-10,JAWA BARAT,Cashback 50k,4668831.0,8657,Rp 46.315.663
2023-07-22,BALI,Diskon 20%,3289847.0,4990,Rp 50.118.001
2023-12-25,SUMATERA,cashback 50k,4863233.0,8597,Rp 38.969.453
2023-09-16,JABODETABEK,Diskon 20 %,2525367.0,10527,Rp 123.870.077
2023-08-15,SULAWESI,Diskon 20%,2142671.0,2355,Rp 33.534.151
2023-11-26,SUMATERA,Cashback 50k,4587945.0,8157,Rp 59.678.244
2023-12-14,SUMATERA,diskon 20%,4099273.0,6076,Rp 73.022.134
2023-10-23,BALI,Diskon 20%,,11298,Rp 138.470.347
2023-10-20,BALI,Diskon-20%,687384.0,2481,Rp 22.793.713
2023-09-21,JABODETABEK,Cashback 50K,2073427.0,5790,Rp 38.778.605
2023-11-11,JABODETABEK,CB 50K,1925491.0,6603,Rp 40.679.331
2023-12-20,SULAWESI,Cashback 50k,3483795.0,4189,Rp 25.574.439
2023-10-23,SULAWESI,Cashback 50K,4540762.0,6723,Rp 36.439.354
2023-09-09,JAWA BARAT,Diskon-20%,2755231.0,94614,Rp 425.419
2023-08-04,SULAWESI,Cashback 50k,4858242.0,6856,Rp 69.799.134
2023-08-21,SULAWESI,CB 50K,1517289.0,1902,Rp 17.793.722
2023-10-11,SULAWESI,diskon 20%,2322147.0,4367,Rp 64.874.985
2023-07-20,JABODETABEK,Diskon 20 %,4917864.0,9998,Rp 138.682.136
2023-12-08,JAWA BARAT,cashback 50k,3927469.0,10917,Rp 59.325.410
2023-08-24,SULAWESI,Diskon-20%,,6259,Rp 94.662.490
2023-11-03,SUMATERA,CB 50K,3127176.0,5005,Rp 37.421.040
2023-09-08,SUMATERA,Diskon 20%,3484496.0,5519,Rp 71.419.054
2023-11-29,SULAWESI,Cashback 50K,3371648.0,5481,Rp 39.468.484
2023-08-05,JAWA TIMUR, CASHBACK 50K ,2609689.0,6837,Rp 39.428.468
2023-07-09,SULAWESI, CASHBACK 50K ,3662513.0,3990,Rp 20.520.699
2023-12-19,JAWA BARAT, DISKON 20% ,836765.0,3126,Rp 44.471.453
2023-08-22,BALI, DISKON 20% ,4281857.0,7654,Rp 88.732.086
2023-09-01,JABODETABEK,Diskon 20 %,2286761.0,6156,Rp 70.823.844
2023-07-07,BALI, DISKON 20% ,2819430.0,4011,Rp 41.387.461
2023-11-21,BALI,cashback 50k,4138166.0,5968,Rp 40.100.577
2023-11-14,JAWA BARAT,Diskon 20%,3813878.0,8041,Rp 99.613.126
2023-08-30,JAWA TIMUR,Diskon-20%,4952764.0,11123,Rp 140.079.790
2023-12-28,SUMATERA,CB 50K,1420842.0,3869,Rp 32.117.199
2023-08-23,JABODETABEK, CASHBACK 50K ,1191616.0,4662,Rp 23.563.508
2023-07-04,JABODETABEK, CASHBACK 50K ,4559728.0,14635,Rp 81.775.630
2023-09-19,JAWA TIMUR,CB 50K,1116393.0,2860,Rp 13.455.834
2023-07-01,BALI,Diskon 20%,1357228.0,2381,Rp 33.940.810
2023-11-13,JAWA BARAT,Diskon 20 %,684683.0,3180,Rp 32.444.538
2023-10-08,SULAWESI,diskon 20%,4848645.0,5858,Rp 58.940.630
2023-08-26,JAWA TIMUR,cashback 50k,1253348.0,2503,Rp 20.163.497
2023-08-19,JABODETABEK,Cashback 50K,,9226,Rp 76.149.492
2023-12-05,SUMATERA,Cashback 50k,2932390.0,4200,Rp 38.519.671
2023-08-16,SUMATERA,Cashback 50k,3395008.0,5249,Rp 35.013.181
2023-10-13,SULAWESI,Diskon 20%,3435593.0,4794,Rp 58.723.339
2023-08-22,SULAWESI,Diskon 20%,3866662.0,4894,Rp 51.920.425
2023-08-13,JAWA TIMUR,Cashback 50K,2097084.0,5059,Rp 36.998.254
2023-10-31,JAWA TIMUR,CB 50K,4287832.0,7678,Rp 81.659.024
2023-09-08,SULAWESI,Diskon 20 %,4331826.0,6731,Rp 111.866.340
2023-12-28,BALI, CASHBACK 50K ,570467.0,1623,Rp 9.921.729
2023-08-24,SUMATERA, DISKON 20% ,755937.0,2128,Rp 21.197.924
2023-12-11,JABODETABEK,Cashback 50k,731734.0,3650,Rp 18.709.351
2023-10-09,BALI,CB 50K,4437000.0,6033,Rp 50.242.312
2023-07-09,JABODETABEK,CB 50K,2433323.0,6445,Rp 43.998.775
2023-12-22,SULAWESI, CASHBACK 50K ,4609983.0,4464,Rp 24.110.256
2023-10-16,SULAWESI,Diskon 20%,803431.0,2189,Rp 28.215.043
2023-10-03,JAWA BARAT, CASHBACK 50K ,1609375.0,5882,Rp 33.514.031
2023-12-11,BALI,Diskon-20%,1963397.0,3720,Rp 37.607.001
2023-09-07,JAWA BARAT,cashback 50k,3385567.0,5895,Rp 42.553.313
2023-08-11,JABODETABEK,Diskon 20%,3221487.0,6955,Rp 73.382.888
2023-10-12,JAWA BARAT,Diskon 20 %,4948139.0,8474,Rp 113.457.593
2023-08-17,JABODETABEK, CASHBACK 50K ,3041811.0,7782,Rp 56.801.513
2023-07-18,JABODETABEK,Diskon 20 %,4697225.0,11771,Rp 145.503.089
2023-07-01,SULAWESI, DISKON 20% ,3354172.0,4768,Rp 56.331.577
2023-11-25,JABODETABEK,diskon 20%,1970097.0,6394,Rp 89.811.355
2023-11-02,JAWA BARAT, CASHBACK 50K ,3318715.0,10064,Rp 76.211.295
2023-11-18,JAWA BARAT,Diskon 20%,2898225.0,4534,Rp 52.414.643
2023-08-15,SUMATERA,cashback 50k,3213314.0,6793,Rp 39.313.343
2023-11-19,SULAWESI,CB 50K,2644912.0,3953,Rp 40.189.084
2023-09-01,JAWA BARAT,Diskon-20%,3396151.0,10123,Rp 88.568.388
2023-08-21,JAWA TIMUR,diskon 20%,4799281.0,10069,Rp 88.414.293
2023-11-21,JABODETABEK,diskon 20%,949468.0,3520,Rp 48.136.439
2023-11-10,BALI,Cashback 50k,4841399.0,7207,Rp 39.162.956
2023-09-22,JAWA BARAT,Diskon 20%,1928107.0,5993,Rp 87.355.962
2023-07-12,JABODETABEK,Diskon 20 %,4443756.0,16932,Rp 166.526.779
2023-07-30,JAWA BARAT,Diskon 20%,884275.0,3594,Rp 44.537.209
2023-07-10,JAWA BARAT, CASHBACK 50K ,4606390.0,12774,Rp 85.672.924
2023-07-05,SULAWESI,CB 50K,744761.0,1724,Rp 12.618.325
2023-10-08,JABODETABEK,Diskon 20%,2234738.0,5084,Rp 61.780.827
2023-11-16,SUMATERA,diskon 20%,4981881.0,5907,Rp 88.719.537
2023-09-22,JABODETABEK, DISKON 20% ,848426.0,3943,Rp 42.156.154
2023-08-15,BALI,Cashback 50k,4488661.0,5500,Rp 41.552.572
2023-12-24,SULAWESI,Diskon-20%,565242.0,1731,Rp 23.490.841
2023-10-06,BALI,CB 50K,4552913.0,8177,Rp 75.889.688
2023-08-17,SUMATERA,Diskon 20%,878903.0,2156,Rp 26.400.564
2023-07-10,JABODETABEK,Cashback 50k,888017.0,3008,Rp 18.640.484
2023-07-20,SUMATERA,Cashback 50K,3210220.0,5339,Rp 33.660.830
2023-07-04,SUMATERA,Diskon 20%,844139.0,1730,Rp 13.993.189
2023-09-17,JAWA BARAT, CASHBACK 50K ,2580701.0,6406,Rp 47.467.935
2023-09-20,JAWA BARAT,Diskon-20%,4467286.0,7363,Rp 106.285.642
2023-12-10,SULAWESI,Cashback 50k,4862264.0,5383,Rp 38.663.911
2023-09-29,JAWA BARAT,cashback 50k,3769182.0,131833,Rp 267.657
2023-11-26,JABODETABEK,Cashback 50k,,11298,Rp 92.590.573
2023-10-09,JABODETABEK,Diskon 20 %,990159.0,5010,Rp 64.511.181
2023-10-03,BALI,Diskon 20 %,3291498.0,6028,Rp 75.547.266
2023-08-09,BALI,Diskon-20%,2572856.0,6000,Rp 90.824.585
2023-07-07,JABODETABEK,Diskon-20%,879258.0,5031,Rp 41.884.477
2023-07-28,JABODETABEK,Diskon 20%,590188.0,2876,Rp 34.154.596
2023-08-15,JABODETABEK, CASHBACK 50K ,2045615.0,5058,Rp 47.354.928
2023-09-29,JAWA TIMUR,CB 50K,1321282.0,3577,Rp 35.727.555
2023-10-24,JABODETABEK,Diskon 20%,3046918.0,6530,Rp 73.476.471
2023-09-30,JAWA TIMUR,Cashback 50K,4379428.0,8620,Rp 73.465.528
2023-12-21,JAWA TIMUR,Diskon-20%,983018.0,3148,Rp 32.759.701
2023-07-17,SULAWESI, DISKON 20% ,4497968.0,7430,Rp 90.078.341
2023-12-02,SUMATERA,Diskon 20 %,4235536.0,5515,Rp 72.987.827
2023-07-31,BALI,cashback 50k,2859157.0,3658,Rp 21.760.034
2023-12-15,JABODETABEK,Cashback 50K,1041005.0,5512,Rp 46.174.314
2023-10-05,BALI,Diskon 20%,857798.0,2770,Rp 30.036.018
2023-07-26,JAWA BARAT, DISKON 20% ,1277047.0,3913,Rp 37.987.079
2023-11-18,BALI,Cashback 50K,3125541.0,6922,Rp 53.142.098
2023-10-02,JAWA TIMUR,cashback 50k,2296722.0,6095,Rp 49.527.660
2023-10-26,JAWA TIMUR, DISKON 20% ,1332256.0,3333,Rp 49.360.695
2023-11-14,JABODETABEK,Diskon 20 %,1529590.0,5511,Rp 71.772.967
2023-11-14,SULAWESI,Diskon 20%,656232.0,1637,Rp 21.524.054
2023-12-26,BALI,cashback 50k,2778230.0,5392,Rp 53.331.939
2023-11-10,JABODETABEK,Diskon-20%,2573834.0,10121,Rp 101.456.433
2023-11-08,JAWA TIMUR,cashback 50k,3931496.0,7149,Rp 51.531.696
2023-07-14,JABODETABEK,cashback 50k,3002214.0,8075,Rp 62.855.967
2023-10-14,JABODETABEK,CB 50K,902810.0,4248,Rp 28.022.229
2023-11-11,JAWA TIMUR,Cashback 50k,1750767.0,5648,Rp 47.991.838
2023-11-09,JABODETABEK, DISKON 20% ,2145032.0,6892,Rp 85.203.480
2023-08-02,SUMATERA,diskon 20%,2386528.0,4136,Rp 38.050.159
2023-07-14,JAWA BARAT,Diskon 20 %,4907551.0,14964,Rp 136.282.400
2023-10-18,JAWA TIMUR,diskon 20%,3607012.0,7792,Rp 103.596.543
2023-10-04,JAWA BARAT, DISKON 20% ,3525337.0,9401,Rp 129.914.064
2023-10-28,SUMATERA,Cashback 50K,2535262.0,5554,Rp 40.849.964
2023-10-20,JAWA BARAT,Cashback 50K,568839.0,3100,Rp 25.127.732
2023-12-28,JAWA BARAT,cashback 50k,882301.0,2457,Rp 16.410.483
2023-09-16,JAWA BARAT,Diskon 20 %,851543.0,2645,Rp 23.546.785
2023-10-26,SULAWESI, DISKON 20% ,2256162.0,3705,Rp 39.074.912
2023-07-16,JAWA BARAT,CB 50K,2509999.0,7735,Rp 40.728.017
2023-07-29,JAWA TIMUR,Diskon 20 %,2634803.0,4157,Rp 44.264.763
2023-08-15,JAWA TIMUR,Cashback 50K,1637793.0,3345,Rp 26.403.502
2023-08-27,SULAWESI,cashback 50k,801804.0,1810,Rp 15.160.378
2023-07-13,SUMATERA,cashback 50k,4627913.0,10022,Rp 54.945.328
2023-11-18,JAWA TIMUR,cashback 50k,1290713.0,3660,Rp 31.943.282
2023-11-23,JABODETABEK, DISKON 20% ,1040028.0,3259,Rp 30.861.447
2023-12-23,SUMATERA,Diskon-20%,2564771.0,5498,Rp 75.379.395
2023-12-04,BALI,Diskon 20 %,1192257.0,3020,Rp 29.048.816
2023-07-29,JAWA BARAT,cashback 50k,2647740.0,7720,Rp 64.943.505
2023-09-06,SULAWESI,cashback 50k,4428048.0,6201,Rp 54.521.587
2023-07-10,JAWA TIMUR,Diskon 20%,4384073.0,11738,Rp 170.319.705
2023-12-03,BALI, DISKON 20% ,1131940.0,2055,Rp 23.257.144
2023-07-15,SUMATERA,Cashback 50K,2209029.0,4115,Rp 33.040.963
2023-07-26,BALI,CB 50K,1331812.0,2934,Rp 25.718.522
2023-10-27,SUMATERA, DISKON 20% ,4787703.0,9320,Rp 117.738.231
2023-10-16,JAWA BARAT,diskon 20%,2334469.0,5742,Rp 72.929.088
2023-08-09,JAWA TIMUR,Diskon 20%,4872375.0,10932,Rp 89.265.849
2023-09-10,JABODETABEK,cashback 50k,4404573.0,11589,Rp 76.941.199
2023-09-04,SULAWESI,Diskon 20 %,1475294.0,3019,Rp 48.705.155
2023-11-21,JAWA TIMUR,diskon 20%,569874.0,1991,Rp 26.003.820
2023-09-13,SULAWESI,Diskon 20 %,3254829.0,5368,Rp 58.014.629
2023-08-14,BALI,Diskon 20%,4087747.0,10158,Rp 115.024.454
2023-07-13,JAWA TIMUR,Diskon 20 %,2477701.0,5813,Rp 65.401.378
2023-08-31,SUMATERA,Diskon 20 %,741328.0,1318,Rp 17.204.928
2023-10-27,JAWA BARAT,Cashback 50k,3189388.0,6743,Rp 41.253.258
2023-07-10,BALI,Diskon-20%,3741957.0,5978,Rp 54.128.079
2023-11-23,JAWA TIMUR,cashback 50k,3443638.0,9478,Rp 71.579.661
2023-10-13,JABODETABEK,Diskon 20%,3928437.0,9975,Rp 108.341.098
2023-11-30,JABODETABEK,Diskon 20 %,3707726.0,12636,Rp 183.599.738
2023-09-04,BALI,CB 50K,3902489.0,6271,Rp 43.210.386
2023-10-30,JABODETABEK,CB 50K,2094276.0,8060,Rp 70.820.295
2023-07-02,BALI,Cashback 50K,4266780.0,9294,Rp 89.881.461
2023-11-29,JAWA TIMUR,Cashback 50K,3314475.0,5285,Rp 32.156.751
2023-09-02,SUMATERA,cashback 50k,,5402,Rp 49.885.366
2023-08-16,SULAWESI,Diskon-20%,1926070.0,3461,Rp 45.078.116
2023-08-07,BALI,Diskon-20%,3143701.0,4518,Rp 57.665.192
2023-12-18,JABODETABEK,Diskon-20%,1530810.0,4728,Rp 78.638.198
2023-09-10,BALI, CASHBACK 50K ,2197054.0,6097,Rp 33.388.952
2023-07-05,JAWA TIMUR,cashback 50k,4559924.0,7625,Rp 62.848.356
2023-10-25,SULAWESI,Diskon-20%,3340863.0,4071,Rp 59.240.238
2023-08-28,SUMATERA,Cashback 50k,4774875.0,6357,Rp 56.006.467
2023-07-03,SUMATERA, CASHBACK 50K ,4052934.0,9021,Rp 94.888.055
2023-10-18,SUMATERA,Diskon 20 %,3375850.0,7017,Rp 80.756.491
2023-09-26,JAWA TIMUR, CASHBACK 50K ,984231.0,2292,Rp 19.341.372
2023-08-10,JAWA TIMUR,diskon 20%,4393511.0,9220,Rp 115.346.445
2023-11-22,SULAWESI,cashback 50k,1730690.0,2337,Rp 17.725.458
2023-12-18,JAWA BARAT,Diskon-20%,1416673.0,4282,Rp 72.414.520
2023-11-28,SULAWESI,Cashback 50k,2534826.0,3663,Rp 32.329.005
2023-12-11,SULAWESI,Cashback 50k,3514885.0,5031,Rp 35.431.431
2023-12-14,JABODETABEK, CASHBACK 50K ,1589482.0,7510,Rp 68.699.649
2023-10-25,JAWA BARAT,Cashback 50K,,3746,Rp 23.875.872
2023-09-02,JAWA BARAT,Diskon 20%,1184708.0,2854,Rp 44.644.544
2023-10-11,JAWA TIMUR,CB 50K,4430874.0,7689,Rp 34.181.240
2023-09-11,BALI,Cashback 50k,3117510.0,6825,Rp 44.363.755
2023-10-19,SULAWESI,cashback 50k,4236710.0,5253,Rp 52.723.934
2023-10-03,SUMATERA,cashback 50k,856205.0,1999,Rp 16.228.559
2023-09-25,BALI,diskon 20%,3638912.0,6529,Rp 80.186.545
2023-10-27,JABODETABEK,CB 50K,1806512.0,8533,Rp 50.232.121
2023-12-31,JABODETABEK, DISKON 20% ,1799556.0,8206,Rp 106.652.370
2023-11-27,JABODETABEK, CASHBACK 50K ,4327167.0,11463,Rp 72.585.651
2023-07-18,BALI,diskon 20%,3894367.0,7945,Rp 117.872.395
2023-10-16,JAWA TIMUR,Diskon 20 %,1065862.0,3232,Rp 48.729.636
2023-08-28,BALI, DISKON 20% ,1515050.0,4492,Rp 54.594.478
2023-12-09,JAWA BARAT,Cashback 50k,2739019.0,7783,Rp 45.630.048
2023-08-19,BALI,Diskon 20 %,4469614.0,8008,Rp 118.617.103
2023-10-24,SUMATERA,Cashback 50K,3071499.0,5031,Rp 23.453.828
2023-09-10,SUMATERA,diskon 20%,4035066.0,7441,Rp 85.569.572
2023-11-12,SUMATERA,Cashback 50K,3946592.0,5815,Rp 27.766.995
2023-09-24,SUMATERA,Diskon-20%,2644754.0,4130,Rp 40.584.065
2023-09-14,SUMATERA,cashback 50k,2225457.0,4835,Rp 31.286.125
2023-07-25,SULAWESI, DISKON 20% ,1736685.0,3055,Rp 26.366.998
2023-09-30,JAWA BARAT,Cashback 50k,1468628.0,5278,Rp 30.617.076
2023-12-23,BALI, DISKON 20% ,3235799.0,7685,Rp 79.083.859
2023-12-12,SUMATERA,Cashback 50k,2186811.0,64428,Rp 470.101
2023-11-25,SULAWESI,CB 50K,1995979.0,36049,Rp 433.780
2023-12-03,JABODETABEK, CASHBACK 50K ,3183800.0,11534,Rp 68.335.554
2023-10-12,SUMATERA, CASHBACK 50K ,3503050.0,7253,Rp 44.743.100
2023-08-18,JAWA BARAT,cashback 50k,,8760,Rp 41.655.775
2023-08-30,SUMATERA,Diskon 20 %,1456261.0,2971,Rp 32.833.170
2023-12-05,BALI,Cashback 50k,3211830.0,6904,Rp 56.328.835
2023-09-05,SUMATERA,Diskon 20 %,942681.0,2833,Rp 41.057.803
2023-11-13,SUMATERA,Cashback 50K,3966551.0,4338,Rp 41.119.623
2023-09-27,JABODETABEK,CB 50K,4848224.0,11802,Rp 60.815.342
2023-07-30,JAWA TIMUR,Diskon-20%,3726236.0,7722,Rp 80.531.975
2023-12-24,JABODETABEK,Cashback 50k,1913256.0,8681,Rp 58.674.292
2023-08-28,SULAWESI, DISKON 20% ,2964146.0,3307,Rp 30.297.548
2023-12-07,SULAWESI,Diskon-20%,1049702.0,1390,Rp 12.162.783
2023-11-07,SUMATERA,Cashback 50k,2247868.0,3468,Rp 17.563.861
2023-08-09,SUMATERA,Diskon-20%,1350510.0,3394,Rp 42.351.917
2023-12-16,JABODETABEK, DISKON 20% ,3244970.0,10615,Rp 121.971.453
2023-10-05,JAWA TIMUR, DISKON 20% ,1154898.0,3380,Rp 45.708.289
2023-08-27,JAWA TIMUR,Diskon-20%,3302458.0,5927,Rp 74.999.065
2023-09-26,JAWA BARAT,CB 50K,3744363.0,6314,Rp 35.915.074
2023-10-18,BALI,Diskon 20 %,4666073.0,8419,Rp 102.347.547
2023-08-30,BALI,Diskon 20%,2945109.0,5384,Rp 62.393.207
2023-07-22,SUMATERA,Diskon 20%,3449289.0,6274,Rp 73.400.496
2023-12-23,JABODETABEK, CASHBACK 50K ,2232416.0,7414,Rp 36.517.165
2023-11-15,SUMATERA, CASHBACK 50K ,1441783.0,2498,Rp 19.255.287
2023-07-19,JAWA BARAT,Cashback 50k,1440428.0,3483,Rp 16.639.961
2023-12-26,JAWA TIMUR,Diskon 20 %,1597024.0,3288,Rp 49.747.410
2023-11-23,BALI,cashback 50k,1025657.0,39611,Rp 448.817
2023-11-17,BALI,Cashback 50K,4853004.0,9745,Rp 81.915.337
2023-08-10,JABODETABEK,diskon 20%,2660384.0,7907,Rp 85.995.504
2023-10-23,JABODETABEK,diskon 20%,1585994.0,6668,Rp 76.288.966
2023-12-08,JABODETABEK,Diskon-20%,2108504.0,9675,Rp 116.230.872
2023-10-31,JAWA BARAT, CASHBACK 50K ,4865041.0,13587,Rp 76.943.641
2023-12-14,SULAWESI,cashback 50k,,2743,Rp 22.000.834
2023-10-03,SULAWESI,Diskon-20%,1359651.0,2630,Rp 26.321.150
2023-11-05,BALI,Diskon 20%,4949189.0,8363,Rp 86.439.545
2023-12-19,JAWA TIMUR,Diskon 20 %,3286154.0,4370,Rp 35.439.467
2023-10-28,BALI, DISKON 20% ,582379.0,1480,Rp 19.805.751
2023-07-30,SULAWESI, DISKON 20% ,2297899.0,3581,Rp 56.292.134
2023-07-21,SUMATERA,Diskon 20%,580527.0,1761,Rp 18.110.272
2023-08-10,SUMATERA, CASHBACK 50K ,2609192.0,3157,Rp 25.764.971
2023-08-25,BALI,Cashback 50K,3808862.0,5218,Rp 40.308.878
2023-12-02,JABODETABEK,diskon 20%,4035027.0,13010,Rp 156.922.774
2023-12-06,SULAWESI,diskon 20%,1622692.0,2773,Rp 34.177.265
2023-08-03,SULAWESI, CASHBACK 50K ,1450910.0,2943,Rp 17.220.075
2023-08-20,JABODETABEK, CASHBACK 50K ,1792397.0,6697,Rp 64.964.320
2023-10-25,BALI,Diskon 20 %,2922097.0,4399,Rp 56.170.362
2023-08-08,JAWA TIMUR,diskon 20%,2275823.0,5682,Rp 49.273.751
2023-08-21,JABODETABEK, CASHBACK 50K ,2944050.0,9721,Rp 83.199.988
2023-07-28,SULAWESI,cashback 50k,2924964.0,4327,Rp 39.285.381
2023-11-06,JAWA TIMUR, CASHBACK 50K ,2591386.0,7078,Rp 59.503.578
2023-11-27,JAWA BARAT,Cashback 50K,1123444.0,3576,Rp 25.608.285
2023-11-15,JAWA BARAT,Cashback 50k,967735.0,2864,Rp 17.838.003
2023-08-13,BALI,diskon 20%,2318567.0,3868,Rp 56.260.135
2023-12-11,SUMATERA,Diskon 20 %,4082931.0,7001,Rp 92.136.628
2023-10-08,SUMATERA,Diskon 20%,1502280.0,2329,Rp 39.583.652
2023-08-31,JAWA BARAT,Cashback 50K,2049825.0,6876,Rp 55.646.576
2023-08-08,SULAWESI, DISKON 20% ,2441122.0,3962,Rp 37.836.445
2023-07-26,JABODETABEK,diskon 20%,3917726.0,9054,Rp 111.122.638
2023-09-07,JABODETABEK,Cashback 50k,642769.0,3748,Rp 29.053.828
2023-07-06,SUMATERA,CB 50K,635015.0,1481,Rp 8.668.685
2023-12-19,JABODETABEK,Cashback 50k,4676367.0,18250,Rp 93.189.749
2023-09-05,JABODETABEK,CB 50K,2587892.0,8401,Rp 57.715.645
2023-07-23,JABODETABEK,cashback 50k,1965022.0,5127,Rp 49.292.071
2023-10-07,JAWA TIMUR,Diskon 20 %,4793915.0,6188,Rp 74.080.070
2023-12-23,JAWA BARAT,cashback 50k,1828446.0,4125,Rp 41.659.676
2023-08-27,JAWA BARAT,Cashback 50K,2808672.0,4899,Rp 20.289.769
2023-07-02,SUMATERA,Diskon-20%,2495292.0,5536,Rp 74.050.992
2023-08-12,JAWA TIMUR,Diskon 20%,4496649.0,7592,Rp 77.822.490
2023-12-19,BALI, CASHBACK 50K ,1320097.0,3137,Rp 31.477.285
2023-12-06,JAWA BARAT,Cashback 50k,,4440,Rp 47.135.032
2023-11-30,SULAWESI,Diskon 20%,,3179,Rp 37.658.462
2023-08-17,JAWA BARAT, DISKON 20% ,3402702.0,9674,Rp 103.930.620
2023-10-28,JABODETABEK,Diskon 20%,602874.0,3648,Rp 35.453.050
2023-07-14,SULAWESI,Cashback 50k,2546685.0,4737,Rp 32.535.301
2023-07-11,SULAWESI, DISKON 20% ,3499362.0,5595,Rp 72.758.666
2023-11-02,BALI,Diskon-20%,3286685.0,6704,Rp 67.131.265
2023-09-20,BALI,Cashback 50K,4645162.0,11543,Rp 75.144.887
2023-12-01,JAWA BARAT,Diskon 20 %,4575410.0,8164,Rp 81.308.788
2023-07-28,JAWA BARAT,cashback 50k,3201581.0,7998,Rp 57.241.247
2023-10-17,JAWA TIMUR,diskon 20%,2828180.0,6402,Rp 63.277.738
2023-12-10,JAWA TIMUR,Cashback 50k,3363998.0,6649,Rp 47.267.646
2023-10-11,BALI,Diskon 20 %,747770.0,2225,Rp 38.078.669
2023-08-31,JAWA TIMUR,Cashback 50K,2375572.0,3830,Rp 35.400.262
2023-12-23,JAWA TIMUR, CASHBACK 50K ,1644080.0,4104,Rp 18.929.831
2023-07-20,BALI, CASHBACK 50K ,3441806.0,4415,Rp 24.100.306
2023-09-15,JABODETABEK, CASHBACK 50K ,4928849.0,9117,Rp 37.596.191
2023-10-22,JAWA TIMUR,Diskon 20%,4502762.0,11099,Rp 126.220.732
2023-12-01,SUMATERA,Diskon-20%,3066504.0,4410,Rp 51.462.845
2023-10-15,JAWA BARAT,Diskon-20%,4465075.0,6690,Rp 74.306.290
2023-12-21,JAWA BARAT, DISKON 20% ,678270.0,1836,Rp 21.288.286
2023-11-07,JAWA BARAT,Cashback 50K,1369965.0,5007,Rp 25.424.282
2023-07-19,JAWA TIMUR,Diskon-20%,4992336.0,9578,Rp 117.977.990
2023-11-12,BALI,diskon 20%,1830524.0,4109,Rp 42.769.793
2023-10-24,JAWA TIMUR,Diskon 20 %,3595241.0,8025,Rp 82.026.421
2023-09-02,JABODETABEK,Diskon 20 %,1879988.0,7757,Rp 70.603.364
2023-11-01,SUMATERA,Diskon-20%,2403090.0,4290,Rp 48.055.511
2023-07-21,JAWA BARAT, CASHBACK 50K ,2173547.0,3934,Rp 27.451.815
2023-12-29,BALI,diskon 20%,1259643.0,2643,Rp 30.525.801
2023-11-06,BALI,Diskon-20%,764887.0,2285,Rp 29.865.513
2023-09-17,JAWA TIMUR,Cashback 50k,1848080.0,5795,Rp 38.427.937
2023-09-16,SUMATERA,cashback 50k,3438539.0,7169,Rp 56.659.444
2023-11-17,JABODETABEK,Cashback 50K,2413177.0,103584,Rp 379.266
2023-12-28,JAWA TIMUR,Cashback 50K,920751.0,3324,Rp 21.675.710
2023-11-07,BALI,cashback 50k,3796622.0,5936,Rp 54.101.511
2023-09-01,JAWA TIMUR,Diskon-20%,644303.0,2200,Rp 37.892.558
2023-12-29,SULAWESI,Diskon 20 %,3197486.0,6211,Rp 90.451.674
2023-12-14,BALI,Diskon-20%,536003.0,1431,Rp 17.490.488
2023-09-19,SUMATERA,diskon 20%,1473910.0,2929,Rp 26.956.040
2023-11-22,BALI,Diskon-20%,1098920.0,3363,Rp 28.691.543
2023-08-06,JAWA BARAT, CASHBACK 50K ,2227658.0,6092,Rp 52.434.963
2023-10-16,SUMATERA, DISKON 20% ,1810318.0,3985,Rp 62.767.093
2023-09-03,BALI, DISKON 20% ,2861312.0,5867,Rp 87.648.076
2023-09-09,BALI,Cashback 50K,1587910.0,3583,Rp 18.237.785
2023-09-02,SULAWESI, DISKON 20% ,3324141.0,4591,Rp 47.564.070
2023-08-24,BALI,Cashback 50k,1319317.0,3554,Rp 21.991.927
2023-08-28,JAWA BARAT,CB 50K,1407179.0,5064,Rp 38.386.971
2023-10-29,SULAWESI,Diskon 20 %,4747106.0,8254,Rp 80.977.091
2023-07-04,SULAWESI,Diskon-20%,4134747.0,4966,Rp 62.803.147
2023-07-06,SULAWESI,Diskon 20 %,3282916.0,3172,Rp 29.157.822
2023-08-16,JABODETABEK, DISKON 20% ,1255842.0,4703,Rp 59.523.796
2023-10-31,BALI,cashback 50k,2628560.0,3185,Rp 15.202.317
2023-08-31,SULAWESI, DISKON 20% ,659273.0,1158,Rp 11.708.771
2023-07-27,SUMATERA,Cashback 50k,2280843.0,4958,Rp 44.049.154
2023-08-17,BALI,Diskon-20%,2121461.0,3495,Rp 41.676.581
2023-07-31,SUMATERA,Diskon-20%,861517.0,2340,Rp 29.288.957
2023-11-01,SULAWESI, DISKON 20% ,4034602.0,7274,Rp 110.347.671
2023-09-27,SULAWESI,Cashback 50K,523677.0,1451,Rp 9.150.855
2023-10-30,SUMATERA,Diskon 20%,2928004.0,4537,Rp 41.303.096
2023-11-23,SUMATERA,cashback 50k,4773075.0,6240,Rp 61.953.621
2023-12-05,SULAWESI,CB 50K,2373329.0,4109,Rp 24.258.282
2023-07-27,SULAWESI,Cashback 50K,513300.0,1565,Rp 6.831.877
2023-10-24,SULAWESI,Diskon 20 %,,1755,Rp 25.088.475
2023-07-22,JAWA BARAT, CASHBACK 50K ,4912849.0,7348,Rp 63.652.519
2023-11-04,BALI,CB 50K,,5000,Rp 47.528.292
2023-07-14,JAWA TIMUR, CASHBACK 50K ,4850380.0,12318,Rp 110.419.771
2023-12-04,JABODETABEK,CB 50K,1075312.0,4792,Rp 31.873.039
2023-12-27,JAWA BARAT,cashback 50k,795370.0,3384,Rp 23.910.911
2023-12-16,SUMATERA,Diskon 20 %,3633158.0,6612,Rp 92.470.546
2023-09-08,JAWA BARAT, CASHBACK 50K ,2494163.0,6218,Rp 47.508.335
2023-08-02,JABODETABEK,Diskon 20%,3487768.0,9135,Rp 143.621.758
2023-09-28,JABODETABEK,diskon 20%,,2987,Rp 23.479.436
2023-07-31,JAWA BARAT,diskon 20%,3215529.0,7341,Rp 71.875.111
2023-08-05,SULAWESI, CASHBACK 50K ,1311341.0,2771,Rp 21.118.462
2023-09-19,BALI,Diskon 20%,3766381.0,5426,Rp 79.575.969
2023-07-21,JAWA TIMUR,Cashback 50K,3790060.0,9623,Rp 97.187.718
2023-08-29,SULAWESI,Diskon-20%,3015263.0,5461,Rp 61.139.551
2023-10-02,JAWA BARAT, CASHBACK 50K ,4816574.0,12298,Rp 89.149.762
2023-09-08,JAWA TIMUR,diskon 20%,2085203.0,5759,Rp 65.304.844
2023-10-28,JAWA TIMUR,Diskon 20 %,2326815.0,4466,Rp 48.332.209
2023-10-27,BALI,Diskon 20%,3248259.0,6275,Rp 58.771.246
2023-08-17,JAWA TIMUR,Cashback 50K,1605853.0,4612,Rp 27.537.086
2023-11-10,JAWA BARAT,diskon 20%,1594168.0,3706,Rp 44.896.323
2023-10-21,JAWA TIMUR, CASHBACK 50K ,1375156.0,4183,Rp 23.971.326
2023-08-25,JAWA BARAT, CASHBACK 50K ,3100078.0,5842,Rp 54.357.087
2023-11-25,JAWA BARAT,diskon 20%,3398331.0,8064,Rp 76.182.971
2023-09-13,SUMATERA,Cashback 50k,,6328,Rp 44.886.846
2023-07-17,BALI,Diskon 20 %,,8823,Rp 129.640.733
2023-09-13,JAWA TIMUR,Cashback 50k,3386195.0,4800,Rp 29.821.038
2023-10-14,JAWA TIMUR,Diskon 20 %,1405356.0,4256,Rp 57.166.398
2023-11-29,SUMATERA,Diskon 20%,960811.0,2462,Rp 29.408.023
2023-07-16,SULAWESI,Cashback 50k,4398599.0,8538,Rp 65.614.613
2023-09-10,SULAWESI,Cashback 50k,4300387.0,4522,Rp 37.476.191
2023-11-01,JABODETABEK,CB 50K,4944587.0,11848,Rp 91.609.128
2023-11-24,JABODETABEK,Diskon 20 %,,11898,Rp 167.138.128
2023-10-30,JAWA BARAT,Diskon 20%,1254592.0,2878,Rp 32.947.560
2023-07-24,SULAWESI,CB 50K,4227242.0,6823,Rp 48.038.986
2023-11-23,JAWA BARAT,Diskon 20%,747123.0,1857,Rp 27.130.735
2023-11-16,JAWA BARAT,Diskon-20%,2769032.0,6648,Rp 101.926.646
2023-12-04,SUMATERA,Diskon-20%,4586649.0,4533,Rp 76.646.042
2023-11-30,SUMATERA,Diskon-20%,4273960.0,8164,Rp 85.702.836
2023-11-22,JAWA BARAT,Diskon 20%,1680243.0,4762,Rp 49.704.300
2023-08-12,JAWA BARAT,cashback 50k,4948759.0,7349,Rp 75.591.158
2023-10-10,SULAWESI, CASHBACK 50K ,1394333.0,2087,Rp 10.720.145
2023-09-28,SULAWESI,Cashback 50k,2089766.0,2911,Rp 19.870.941
2023-08-14,SULAWESI,Diskon 20%,1282276.0,2156,Rp 25.927.598
2023-07-11,SUMATERA,Cashback 50K,3633599.0,6325,Rp 50.161.398
2023-11-27,SULAWESI, CASHBACK 50K ,764197.0,1236,Rp 6.978.330
2023-09-29,BALI,Diskon-20%,4767556.0,10121,Rp 154.293.473
2023-11-30,JAWA BARAT,Diskon 20%,1277030.0,3336,Rp 50.731.302
2023-12-16,JAWA BARAT,Diskon 20 %,3101636.0,5250,Rp 41.288.993
2023-11-04,JABODETABEK,Diskon 20 %,2033348.0,7291,Rp 68.079.990
2023-07-20,SULAWESI, DISKON 20% ,4970240.0,9176,Rp 93.412.743
2023-09-26,BALI,Diskon 20%,4845341.0,6019,Rp 55.200.426
2023-11-26,BALI, DISKON 20% ,1209908.0,3567,Rp 48.375.643
2023-10-01,JAWA TIMUR,Diskon 20 %,2471735.0,5540,Rp 61.511.090
2023-12-03,SUMATERA,cashback 50k,1808818.0,2858,Rp 18.130.702
2023-10-27,SULAWESI, DISKON 20% ,3142879.0,2864,Rp 42.419.078
2023-07-30,JABODETABEK,CB 50K,1046970.0,4679,Rp 37.108.954
2023-10-19,JABODETABEK,diskon 20%,1703513.0,6199,Rp 81.001.900
2023-11-08,SULAWESI,Diskon 20%,3856957.0,4061,Rp 50.713.696
2023-12-26,SULAWESI,diskon 20%,628164.0,1872,Rp 14.927.656
2023-10-29,JAWA TIMUR,Diskon-20%,860004.0,2786,Rp 38.077.744
2023-09-14,BALI,Diskon-20%,1778533.0,2982,Rp 38.463.917
2023-09-26,JABODETABEK,diskon 20%,4328972.0,14241,Rp 137.186.815
2023-07-16,SUMATERA,CB 50K,2503051.0,4235,Rp 34.677.423
2023-09-22,JAWA TIMUR,Cashback 50K,807542.0,2327,Rp 11.993.211
2023-10-19,SUMATERA,Diskon 20 %,2000782.0,2906,Rp 41.663.537
2023-08-21,BALI,Diskon-20%,2994629.0,6211,Rp 69.881.696
2023-10-22,SULAWESI,Cashback 50K,3683816.0,7311,Rp 44.827.463
2023-09-25,JAWA TIMUR,cashback 50k,797657.0,2418,Rp 19.263.818
2023-10-17,BALI,Diskon 20 %,4058036.0,63791,Rp 213.908
2023-07-26,SUMATERA,diskon 20%,1612375.0,2455,Rp 34.368.261
2023-07-20,JAWA TIMUR,Diskon-20%,2057448.0,5912,Rp 66.946.462
2023-09-27,SUMATERA,Diskon-20%,2060552.0,3022,Rp 38.768.101
2023-09-17,JABODETABEK, CASHBACK 50K ,3037325.0,7147,Rp 40.416.793
2023-09-12,BALI,Cashback 50K,990476.0,3019,Rp 22.413.269
2023-10-30,SULAWESI,Cashback 50K,3185915.0,3389,Rp 29.706.626
2023-12-18,BALI,diskon 20%,4624211.0,7936,Rp 115.040.803
2023-12-07,JAWA BARAT,diskon 20%,3826178.0,5425,Rp 81.217.682
2023-07-04,BALI,CB 50K,740882.0,2500,Rp 18.002.488
2023-07-06,JABODETABEK,Diskon 20 %,1493678.0,5981,Rp 70.642.208
2023-11-24,JAWA BARAT,Diskon 20%,1302687.0,4996,Rp 55.319.215
2023-07-01,JABODETABEK,Diskon 20%,2025073.0,9476,Rp 84.768.237
2023-10-06,JAWA TIMUR,CB 50K,622029.0,1966,Rp 12.333.914
2023-11-02,SULAWESI,Cashback 50k,1210495.0,2568,Rp 15.145.905
2023-09-11,SUMATERA,Diskon 20%,3165790.0,6381,Rp 76.164.274
2023-12-17,SUMATERA,Diskon-20%,2010022.0,3716,Rp 57.658.540
2023-10-12,BALI,Diskon-20%,1960935.0,4377,Rp 45.469.377
2023-10-22,BALI,Diskon-20%,2274471.0,3847,Rp 41.791.746
2023-07-20,JAWA BARAT,Diskon 20%,1686398.0,6003,Rp 82.145.588
2023-09-23,SULAWESI,diskon 20%,4313352.0,7374,Rp 65.169.039
2023-07-06,JAWA TIMUR,Cashback 50K,1195639.0,3817,Rp 22.298.606
2023-11-19,JAWA BARAT,Diskon-20%,3526229.0,6541,Rp 81.527.516
2023-12-17,SULAWESI,diskon 20%,2928573.0,4439,Rp 56.179.967
2023-07-07,JAWA TIMUR,CB 50K,801460.0,3059,Rp 29.557.233
2023-07-05,JABODETABEK,diskon 20%,4248451.0,10223,Rp 125.680.794
2023-11-13,JABODETABEK,Cashback 50k,505203.0,3081,Rp 17.521.580
2023-08-03,JAWA BARAT,Diskon-20%,3417738.0,10457,Rp 121.222.039
2023-08-04,JAWA BARAT, DISKON 20% ,1759518.0,5047,Rp 67.105.290
2023-10-21,SULAWESI,Diskon 20%,2888637.0,5632,Rp 69.201.828
2023-10-18,JABODETABEK,Cashback 50K,1340367.0,7011,Rp 58.725.266
2023-07-31,JABODETABEK, DISKON 20% ,1139765.0,3293,Rp 43.070.414
2023-08-13,JABODETABEK,diskon 20%,987113.0,4386,Rp 52.359.852
2023-12-05,JAWA TIMUR,Diskon 20%,4939993.0,7584,Rp 107.568.204
2023-08-14,JABODETABEK, CASHBACK 50K ,2759603.0,7762,Rp 50.415.518
2023-11-19,SUMATERA,Diskon 20 %,1620080.0,2603,Rp 22.252.762
2023-10-18,JAWA BARAT,Diskon-20%,4298925.0,7129,Rp 83.391.727
2023-08-19,JAWA BARAT, CASHBACK 50K ,4183982.0,9973,Rp 97.198.491
2023-11-20,BALI,Diskon 20%,4939785.0,10133,Rp 145.157.951
2023-10-17,SULAWESI,Diskon 20 %,747710.0,1779,Rp 17.203.750
2023-11-02,JAWA TIMUR,Cashback 50k,3567560.0,6985,Rp 57.712.698
2023-11-10,JAWA TIMUR,Diskon 20 %,2208399.0,5885,Rp 84.172.309
2023-11-04,SULAWESI,Diskon 20%,4311981.0,4083,Rp 46.527.621
2023-11-22,JABODETABEK,Diskon-20%,,3761,Rp 46.764.993
2023-07-18,SUMATERA,Cashback 50K,2728707.0,3760,Rp 22.914.378
2023-07-12,BALI,cashback 50k,4425417.0,8118,Rp 49.484.622
2023-10-13,JAWA TIMUR,cashback 50k,3884545.0,6012,Rp 38.101.659
2023-08-09,JABODETABEK,Diskon 20 %,589942.0,3475,Rp 39.132.247
2023-08-27,BALI, DISKON 20% ,2178353.0,3464,Rp 36.274.987
2023-11-16,JABODETABEK,Cashback 50k,2341354.0,8823,Rp 89.231.543
2023-09-06,JABODETABEK,Diskon 20 %,4344072.0,10002,Rp 115.148.153
2023-12-15,SULAWESI,diskon 20%,1359503.0,2977,Rp 46.444.500
2023-09-25,SULAWESI,Diskon 20%,4474936.0,7970,Rp 102.442.792
2023-09-23,BALI,cashback 50k,815664.0,2213,Rp 17.695.478
2023-11-01,JAWA BARAT,CB 50K,4005909.0,11882,Rp 67.713.365
2023-07-09,JAWA BARAT,diskon 20%,2796579.0,6521,Rp 79.777.303
2023-09-03,JAWA TIMUR,Cashback 50k,4840574.0,7308,Rp 44.708.255
2023-08-20,JAWA TIMUR,Cashback 50K,3840941.0,7356,Rp 56.788.233
2023-07-30,BALI,Cashback 50K,1125945.0,3624,Rp 34.429.182
2023-08-03,SUMATERA,Diskon-20%,1561211.0,2398,Rp 30.267.747
2023-10-20,SUMATERA,Cashback 50K,3690684.0,4714,Rp 23.250.968
2023-11-26,SULAWESI, DISKON 20% ,4534051.0,8206,Rp 94.442.277
2023-11-08,BALI, CASHBACK 50K ,1147078.0,3258,Rp 18.575.884
2023-08-08,SUMATERA,cashback 50k,2409300.0,4132,Rp 31.834.407
2023-09-14,JABODETABEK,cashback 50k,1635918.0,8213,Rp 67.521.082
2023-12-24,SUMATERA,Diskon-20%,4342651.0,6712,Rp 73.939.995
2023-12-08,SUMATERA,Cashback 50k,3121135.0,4544,Rp 38.851.659
2023-12-09,JAWA TIMUR,cashback 50k,4786433.0,8214,Rp 71.896.819
2023-12-12,JAWA TIMUR,Diskon 20 %,872989.0,2362,Rp 26.271.692
2023-10-31,SULAWESI, DISKON 20% ,2003972.0,2693,Rp 31.787.883
2023-08-19,SUMATERA,Diskon 20 %,2945151.0,3131,Rp 38.444.004
2023-11-17,JAWA BARAT,Diskon 20 %,2357773.0,6720,Rp 85.074.405
2023-12-25,BALI,diskon 20%,627066.0,2238,Rp 27.340.949
2023-07-21,BALI,CB 50K,3626680.0,6113,Rp 39.752.407
2023-10-23,SUMATERA, DISKON 20% ,2048868.0,3090,Rp 29.522.652
2023-11-25,SUMATERA,Diskon 20%,1228283.0,2151,Rp 25.870.260
2023-09-30,BALI,Diskon-20%,,2897,Rp 33.926.167
2023-12-07,JABODETABEK,Diskon 20 %,2284675.0,5737,Rp 94.027.772
2023-10-10,JAWA BARAT,Diskon-20%,1336171.0,3352,Rp 32.572.158
2023-12-31,BALI,CB 50K,1437079.0,2774,Rp 18.648.726
2023-07-04,JAWA TIMUR,cashback 50k,4661744.0,11007,Rp 87.489.820
2023-12-13,BALI,CB 50K,2079869.0,4237,Rp 30.792.828
2023-11-29,JAWA BARAT,CB 50K,1094952.0,3881,Rp 22.846.247
2023-08-16,JAWA BARAT, DISKON 20% ,2563623.0,7970,Rp 84.793.263
2023-10-05,JAWA BARAT,Cashback 50K,4613347.0,13794,Rp 73.666.395
2023-10-27,JAWA TIMUR,Cashback 50k,4384261.0,8536,Rp 76.208.505
2023-08-12,SULAWESI,CB 50K,3607554.0,5377,Rp 33.808.629
2023-10-25,JABODETABEK,Diskon-20%,1311526.0,4063,Rp 52.176.360
2023-09-05,JAWA TIMUR,cashback 50k,,4121,Rp 30.144.763
2023-12-31,JAWA TIMUR,Diskon 20%,2760796.0,4844,Rp 43.490.987
2023-08-05,JAWA BARAT,diskon 20%,1417937.0,4009,Rp 42.198.547
2023-11-28,JAWA BARAT,diskon 20%,3340985.0,8551,Rp 103.427.353
2023-07-15,BALI,Cashback 50k,917743.0,2388,Rp 18.932.068
2023-09-06,JAWA TIMUR, CASHBACK 50K ,716215.0,2496,Rp 19.610.009
2023-08-01,BALI,Diskon 20%,1181805.0,3737,Rp 42.696.046
2023-12-10,BALI,diskon 20%,4488048.0,6333,Rp 71.108.693
2023-11-12,SULAWESI,Diskon 20 %,1327914.0,2569,Rp 30.467.537
2023-12-11,JAWA TIMUR,Diskon-20%,4293503.0,5709,Rp 56.220.444
2023-09-18,JABODETABEK,Diskon-20%,1941926.0,8935,Rp 129.364.882
2023-12-20,JAWA BARAT,cashback 50k,2981278.0,5026,Rp 32.854.743
2023-11-24,BALI,Diskon 20%,2036030.0,3664,Rp 44.313.899
2023-07-05,SUMATERA,Cashback 50K,3798324.0,6093,Rp 43.849.854
2023-08-07,JAWA BARAT,CB 50K,4871975.0,8872,Rp 71.530.187
2023-08-06,JABODETABEK,CB 50K,3672563.0,15498,Rp 115.864.714
2023-08-11,JAWA TIMUR,diskon 20%,1851501.0,5651,Rp 70.107.470
2023-08-01,SUMATERA,Cashback 50k,2983892.0,3343,Rp 16.520.725
2023-11-11,SULAWESI,CB 50K,1805362.0,2618,Rp 19.356.676
2023-09-04,JAWA BARAT,Diskon 20 %,1599219.0,4194,Rp 50.749.584
2023-07-12,SULAWESI, DISKON 20% ,,3058,Rp 31.641.823
2023-10-25,SUMATERA,Diskon 20%,4273936.0,7505,Rp 75.398.219
2023-11-09,JAWA TIMUR,diskon 20%,4303793.0,6992,Rp 89.211.418
2023-09-27,BALI,Cashback 50k,3685541.0,5553,Rp 36.270.292
2023-12-30,JAWA TIMUR,diskon 20%,1189570.0,3098,Rp 39.281.865
2023-12-01,JAWA TIMUR,Diskon 20%,1988461.0,5251,Rp 65.563.816
2023-11-16,SULAWESI,Diskon 20%,,5361,Rp 59.385.647
2023-11-20,SULAWESI,Diskon-20%,4967410.0,7911,Rp 68.803.703
2023-08-06,SUMATERA,cashback 50k,4315454.0,7142,Rp 43.424.283
2023-08-08,BALI, CASHBACK 50K ,514802.0,2004,Rp 16.327.275
2023-10-31,SUMATERA,Diskon 20 %,3758883.0,6431,Rp 60.527.945
2023-09-08,JABODETABEK, DISKON 20% ,2375246.0,10893,Rp 133.227.457
2023-08-18,JABODETABEK,cashback 50k,1977931.0,5246,Rp 27.280.331
2023-12-15,JAWA TIMUR,Cashback 50K,657784.0,2875,Rp 24.735.058
2023-10-21,JABODETABEK,diskon 20%,1756593.0,7120,Rp 87.387.839
2023-11-19,JAWA TIMUR,Diskon-20%,1726256.0,4535,Rp 43.468.654
2023-08-31,JABODETABEK,CB 50K,805746.0,5022,Rp 46.848.215
2023-09-24,SULAWESI,Diskon-20%,4963771.0,8985,Rp 105.723.999
2023-12-27,JABODETABEK,cashback 50k,1171523.0,3434,Rp 35.926.162
2023-11-04,JAWA TIMUR,Cashback 50k,4471830.0,10653,Rp 84.092.625
2023-12-14,JAWA BARAT,Cashback 50k,3059458.0,6748,Rp 60.603.535
2023-10-03,JABODETABEK,Diskon 20%,2480682.0,9607,Rp 114.914.656
2023-11-07,JAWA TIMUR,Cashback 50k,1328313.0,3531,Rp 34.825.187
2023-11-07,SULAWESI,cashback 50k,4136507.0,6814,Rp 32.712.817
2023-10-10,JABODETABEK,Diskon 20 %,2451133.0,8773,Rp 75.630.691
2023-08-25,SUMATERA, CASHBACK 50K ,2395613.0,4079,Rp 26.387.919
2023-12-30,JAWA BARAT,Cashback 50k,4258975.0,6832,Rp 49.901.298
2023-12-31,JAWA BARAT,Cashback 50k,2636489.0,5900,Rp 45.607.391
2023-07-18,JAWA TIMUR,Cashback 50K,3476311.0,7790,Rp 65.028.116
2023-07-22,JAWA TIMUR,Diskon 20 %,4097850.0,7150,Rp 81.834.550
2023-12-02,BALI, CASHBACK 50K ,4021713.0,6359,Rp 53.271.516
2023-10-02,BALI,diskon 20%,3160830.0,7198,Rp 63.394.629
2023-12-30,SUMATERA,Diskon-20%,1093046.0,2394,Rp 20.813.316
2023-08-10,JAWA BARAT, DISKON 20% ,3435751.0,9815,Rp 145.724.997
2023-12-07,SUMATERA,cashback 50k,2003021.0,3250,Rp 26.352.553
2023-07-02,JABODETABEK,Cashback 50k,1940636.0,6620,Rp 32.196.587
2023-11-10,SULAWESI,cashback 50k,781992.0,2217,Rp 12.558.472
2023-09-06,JAWA BARAT, DISKON 20% ,4303214.0,9622,Rp 132.390.393
2023-12-13,JAWA BARAT,Diskon-20%,2940831.0,4920,Rp 51.744.294
2023-09-30,SUMATERA,cashback 50k,1053226.0,27729,Rp 312.362
2023-11-12,JABODETABEK,Cashback 50K,2845349.0,10596,Rp 44.221.600
2023-11-12,JAWA BARAT, CASHBACK 50K ,3141297.0,9838,Rp 70.357.960
2023-07-11,JAWA BARAT,Diskon 20%,4354206.0,7267,Rp 101.937.490
2023-09-26,SULAWESI,diskon 20%,4630341.0,5742,Rp 59.951.274
2023-09-13,JAWA BARAT, CASHBACK 50K ,2997374.0,6634,Rp 44.276.815
2023-07-11,JAWA TIMUR,diskon 20%,1500947.0,3282,Rp 40.926.007
2023-07-07,JAWA BARAT,diskon 20%,1825036.0,3877,Rp 55.586.273
2023-10-16,JABODETABEK,Diskon 20%,2042158.0,4617,Rp 51.339.502
2023-12-15,SUMATERA,Cashback 50k,2610852.0,3152,Rp 13.112.825
2023-10-15,SULAWESI, DISKON 20% ,4835064.0,8500,Rp 94.856.591
2023-10-13,JAWA BARAT, DISKON 20% ,1671125.0,4761,Rp 67.380.167
2023-11-20,JAWA TIMUR,Cashback 50k,517756.0,2074,Rp 11.832.374
2023-07-28,SUMATERA,Cashback 50K,2740311.0,5982,Rp 59.151.891
2023-10-12,JABODETABEK,Diskon 20%,1043468.0,4881,Rp 82.261.535
2023-11-24,SULAWESI,CB 50K,4890767.0,5056,Rp 39.553.115
2023-08-29,JABODETABEK,Diskon 20%,3267077.0,13606,Rp 133.779.397
2023-09-30,SULAWESI,Cashback 50K,3967046.0,6667,Rp 43.416.616
2023-12-05,JAWA BARAT,CB 50K,862242.0,2709,Rp 16.889.500
2023-09-05,SULAWESI, CASHBACK 50K ,3548361.0,3336,Rp 17.699.943
2023-12-22,JABODETABEK,cashback 50k,1272956.0,5063,Rp 39.617.738
2023-10-09,JAWA TIMUR,Cashback 50k,,3866,Rp 17.951.497
2023-07-03,JABODETABEK,Cashback 50K,4546059.0,13242,Rp 92.584.070
2023-12-26,JAWA BARAT,Diskon 20%,3832665.0,7329,Rp 89.094.467
2023-11-18,SULAWESI,Diskon 20%,3801577.0,6551,Rp 70.043.087
2023-09-12,JAWA BARAT,cashback 50k,,8579,Rp 55.448.428
2023-08-17,SULAWESI, DISKON 20% ,2893230.0,3621,Rp 39.120.026
2023-07-25,JABODETABEK,diskon 20%,4243930.0,11171,Rp 158.828.098
2023-11-22,JAWA TIMUR,cashback 50k,3597240.0,6635,Rp 40.455.763
2023-10-07,BALI,Diskon 20 %,3391728.0,7872,Rp 103.300.184
2023-09-07,BALI,cashback 50k,2331467.0,4790,Rp 26.221.750
2023-12-04,JAWA BARAT,Diskon 20 %,651609.0,3107,Rp 33.098.874
2023-11-24,SUMATERA,Cashback 50K,1422302.0,2612,Rp 14.517.682
2023-09-18,SUMATERA,Diskon-20%,771551.0,2120,Rp 22.022.070
2023-11-19,BALI,cashback 50k,4763258.0,5429,Rp 47.770.528
2023-12-08,JAWA TIMUR, CASHBACK 50K ,2633469.0,6716,Rp 67.116.243
2023-07-05,JAWA BARAT,CB 50K,4015219.0,10176,Rp 94.232.392
2023-10-07,JAWA BARAT,Diskon-20%,840827.0,2138,Rp 23.580.072
2023-10-21,SUMATERA, CASHBACK 50K ,3283105.0,5953,Rp 34.363.007
2023-07-14,SUMATERA,Diskon 20%,2514443.0,2936,Rp 28.712.841
2023-08-30,JAWA BARAT, DISKON 20% ,,5738,Rp 72.294.552
2023-07-23,JAWA BARAT,Cashback 50K,3828778.0,10810,Rp 45.741.623
2023-07-01,JAWA BARAT,CB 50K,2920469.0,7690,Rp 55.800.115
2023-11-27,SUMATERA,Cashback 50k,4046747.0,74971,Rp 170.862
2023-07-04,JAWA BARAT,diskon 20%,1089680.0,2319,Rp 21.682.164
2023-07-05,BALI,CB 50K,1415403.0,3168,Rp 21.857.170
2023-08-25,SULAWESI,cashback 50k,,5199,Rp 44.092.986
2023-09-22,SUMATERA,Cashback 50k,,4986,Rp 33.786.817
2023-12-29,JAWA BARAT,diskon 20%,1925488.0,3409,Rp 44.064.513
2023-10-06,JAWA BARAT,CB 50K,3139576.0,7352,Rp 51.526.383
2023-08-28,JAWA TIMUR,Diskon-20%,4811673.0,9912,Rp 89.279.084
2023-07-14,BALI,CB 50K,658985.0,2228,Rp 11.597.164
2023-11-11,BALI, DISKON 20% ,4698530.0,8300,Rp 92.838.649
2023-09-21,SUMATERA,Diskon 20 %,664827.0,2073,Rp 19.447.323
2023-08-25,JABODETABEK, CASHBACK 50K ,4836166.0,19176,Rp 179.350.874
2023-07-09,BALI,Cashback 50k,3097376.0,91780,Rp 425.460
2023-09-24,JABODETABEK,Cashback 50k,1478482.0,4571,Rp 27.779.405
2023-11-09,SULAWESI,diskon 20%,4150582.0,6358,Rp 59.884.573
2023-07-29,BALI,Diskon 20%,3446644.0,7129,Rp 70.854.514
2023-09-11,SULAWESI,Diskon 20%,4001006.0,57902,Rp 432.882
2023-09-20,JAWA TIMUR,CB 50K,1137022.0,2258,Rp 16.369.003
2023-11-06,JAWA BARAT,Cashback 50k,4052576.0,11750,Rp 105.416.153
2023-10-04,JABODETABEK,CB 50K,2366447.0,8218,Rp 52.201.379
2023-09-08,BALI,cashback 50k,2971836.0,4571,Rp 38.062.434
2023-12-25,JAWA TIMUR,diskon 20%,2640617.0,6120,Rp 82.369.298
2023-10-11,SUMATERA,diskon 20%,4278775.0,7376,Rp 66.328.971
2023-09-16,SULAWESI,CB 50K,3934639.0,3502,Rp 16.531.844
2023-12-27,SULAWESI,diskon 20%,1185389.0,1876,Rp 28.279.556
2023-09-03,JAWA BARAT,Diskon-20%,4850840.0,10476,Rp 105.020.773
2023-09-09,SUMATERA, CASHBACK 50K ,4263536.0,6907,Rp 68.501.036
2023-09-29,SULAWESI,Diskon 20%,594662.0,1529,Rp 13.464.410
2023-07-25,BALI,CB 50K,1973454.0,4112,Rp 31.054.177
2023-09-25,JABODETABEK,Cashback 50K,1674701.0,7184,Rp 48.255.526
2023-08-06,JAWA TIMUR,Diskon 20%,979653.0,3192,Rp 46.714.582
2023-11-03,JAWA BARAT,Cashback 50K,1994187.0,5966,Rp 33.553.807
2023-11-02,SUMATERA,CB 50K,4801670.0,4955,Rp 35.540.925
2023-12-29,JABODETABEK,Diskon-20%,2549597.0,8117,Rp 78.326.709
2023-09-21,JAWA TIMUR,Diskon 20 %,4461140.0,11619,Rp 128.398.466
2023-10-15,SUMATERA, DISKON 20% ,3487618.0,5038,Rp 40.976.422
2023-09-16,JAWA TIMUR, DISKON 20% ,1457795.0,3224,Rp 39.484.799
2023-07-24,BALI,Diskon-20%,915774.0,2610,Rp 39.641.250
2023-07-22,JABODETABEK,CB 50K,3763677.0,15645,Rp 131.311.871
2023-07-26,JAWA TIMUR,Diskon-20%,2566507.0,5083,Rp 54.624.685
2023-08-09,SULAWESI, DISKON 20% ,3645455.0,3530,Rp 36.716.616
2023-11-03,JAWA TIMUR,cashback 50k,4532580.0,11219,Rp 91.975.794
2023-10-07,SULAWESI, DISKON 20% ,560719.0,1435,Rp 21.890.357
2023-10-13,BALI, DISKON 20% ,4279985.0,5855,Rp 69.816.160
2023-11-16,JAWA TIMUR,CB 50K,4367301.0,8405,Rp 44.146.830
2023-09-28,JAWA BARAT, CASHBACK 50K ,3266866.0,8202,Rp 37.919.822
2023-07-03,JAWA TIMUR,Cashback 50K,1656788.0,4504,Rp 28.158.789
2023-12-10,SUMATERA,Diskon-20%,3981784.0,7973,Rp 102.097.916
2023-08-11,JAWA BARAT,CB 50K,1542135.0,4744,Rp 30.980.144
2023-10-04,SUMATERA, CASHBACK 50K ,1865963.0,2856,Rp 27.099.992
2023-07-19,JABODETABEK, CASHBACK 50K ,584373.0,3005,Rp 24.710.659
2023-09-02,BALI,Diskon-20%,2776514.0,6207,Rp 95.081.016
2023-08-26,JAWA BARAT, CASHBACK 50K ,1562637.0,5379,Rp 50.035.333
2023-08-26,SUMATERA,Diskon 20%,1152740.0,2260,Rp 25.492.301
2023-10-09,SULAWESI,Cashback 50K,4027261.0,5072,Rp 29.562.255
2023-07-08,JAWA TIMUR,cashback 50k,,2967,Rp 23.352.729
2023-11-14,JAWA TIMUR, DISKON 20% ,3957364.0,5900,Rp 81.710.584
2023-10-09,JAWA BARAT, DISKON 20% ,1257667.0,3449,Rp 30.394.602
2023-09-06,SUMATERA, DISKON 20% ,1061187.0,1837,Rp 20.130.198
2023-11-02,JABODETABEK,CB 50K,3326811.0,13810,Rp 78.395.069
2023-12-08,SULAWESI,CB 50K,4833074.0,84435,Rp 388.684
2023-09-23,JAWA TIMUR,Cashback 50k,4979226.0,7515,Rp 45.001.682
2023-08-24,JABODETABEK,CB 50K,4949711.0,11747,Rp 48.933.156
2023-09-20,SUMATERA, DISKON 20% ,3186496.0,3697,Rp 42.118.785
2023-07-29,JABODETABEK,Diskon 20 %,3130094.0,8239,Rp 89.199.537
2023-07-23,BALI,Cashback 50K,4749056.0,10677,Rp 85.177.647
2023-09-09,JAWA TIMUR,CB 50K,4909881.0,13561,Rp 84.378.130
2023-08-06,SULAWESI,diskon 20%,4607329.0,5863,Rp 74.998.677
2023-10-22,JAWA BARAT,CB 50K,3073509.0,6839,Rp 59.482.439
2023-08-07,SUMATERA,CB 50K,1787376.0,3561,Rp 21.662.837
2023-12-22,JAWA BARAT, CASHBACK 50K ,1179812.0,3565,Rp 22.602.610
2023-09-14,SULAWESI,Diskon 20 %,4466898.0,7746,Rp 95.707.477
2023-09-25,SUMATERA,Cashback 50k,3583308.0,4427,Rp 29.731.162
2023-12-18,SULAWESI,cashback 50k,858091.0,1583,Rp 7.876.211
2023-10-13,SUMATERA,Cashback 50k,872711.0,1774,Rp 15.418.596
2023-10-05,SUMATERA,diskon 20%,4366385.0,8712,Rp 127.053.704
2023-08-29,JAWA BARAT, CASHBACK 50K ,3306414.0,8095,Rp 38.610.063
2023-12-03,SULAWESI,Diskon-20%,3273113.0,3787,Rp 55.725.883
2023-11-04,JAWA BARAT,CB 50K,3521601.0,10010,Rp 84.743.074
2023-07-23,SULAWESI,Cashback 50k,4562349.0,6324,Rp 39.000.384
2023-11-28,BALI,Diskon-20%,4017314.0,7350,Rp 90.851.859
2023-08-20,JAWA BARAT,Cashback 50K,3212776.0,8729,Rp 72.214.480
2023-11-30,JAWA TIMUR,Cashback 50k,1476232.0,3764,Rp 32.006.656
2023-08-01,JABODETABEK,Diskon-20%,1591898.0,6954,Rp 68.955.262
2023-09-05,BALI,Cashback 50k,4102365.0,9340,Rp 64.862.774
2023-12-12,JABODETABEK, DISKON 20% ,3503631.0,10685,Rp 141.307.662
2023-11-20,JAWA BARAT, DISKON 20% ,2272908.0,3976,Rp 59.574.465
2023-12-01,SULAWESI,CB 50K,3578005.0,6349,Rp 44.760.876
2023-08-20,BALI,cashback 50k,984526.0,2018,Rp 20.962.066
2023-08-18,BALI,Diskon-20%,716129.0,2173,Rp 30.183.643
2023-12-28,JABODETABEK,Diskon-20%,4853078.0,18397,Rp 227.393.918
2023-12-24,BALI, DISKON 20% ,1774038.0,4366,Rp 56.265.419
2023-10-30,BALI,Diskon 20%,4899937.0,10479,Rp 120.246.342
2023-11-09,BALI,Cashback 50k,544911.0,2067,Rp 16.893.624
2023-11-28,SUMATERA,Diskon 20 %,2836342.0,6368,Rp 83.649.495
2023-11-06,SUMATERA,Cashback 50k,538002.0,1432,Rp 9.134.348
2023-11-01,JAWA TIMUR, CASHBACK 50K ,3600235.0,8488,Rp 74.284.201
2023-07-02,SULAWESI,CB 50K,2171800.0,3913,Rp 30.782.282
2023-08-23,SULAWESI,cashback 50k,2441432.0,3222,Rp 18.620.042
2023-09-29,JABODETABEK,diskon 20%,4278800.0,16728,Rp 146.135.064
2023-08-11,BALI,diskon 20%,2114195.0,3351,Rp 47.772.495
2023-08-04,SUMATERA,Diskon-20%,4123603.0,4466,Rp 62.408.353
2023-09-04,SUMATERA,Diskon-20%,3577530.0,6401,Rp 72.186.721
2023-10-15,JABODETABEK,Cashback 50K,1456990.0,4530,Rp 44.205.868
2023-07-12,SUMATERA,Cashback 50K,4233867.0,5337,Rp 47.876.124
2023-10-21,JAWA BARAT,Cashback 50K,4289055.0,8741,Rp 77.940.983
2023-08-02,JAWA TIMUR, DISKON 20% ,1154612.0,3335,Rp 53.407.859
2023-10-17,JAWA BARAT, CASHBACK 50K ,593197.0,2470,Rp 25.051.530
2023-10-04,JAWA TIMUR,diskon 20%,2042425.0,3344,Rp 34.406.364
2023-12-01,BALI,Cashback 50K,3053975.0,7360,Rp 42.896.251
2023-07-19,SULAWESI,cashback 50k,3981718.0,5327,Rp 52.615.864
2023-08-24,JAWA BARAT,Diskon 20%,4663708.0,9204,Rp 80.742.661
2023-11-28,JABODETABEK,Diskon-20%,1342721.0,4273,Rp 46.923.380
2023-10-11,JABODETABEK, CASHBACK 50K ,3747156.0,11469,Rp 89.932.968
2023-11-20,SUMATERA,Cashback 50K,,2132,Rp 14.166.157
2023-08-22,JABODETABEK,diskon 20%,4553117.0,9884,Rp 103.663.894
2023-09-11,JABODETABEK, DISKON 20% ,,4931,Rp 59.541.362
2023-09-22,SULAWESI,Cashback 50K,977929.0,1941,Rp 17.558.840
2023-08-26,BALI,Diskon 20 %,3413534.0,6288,Rp 51.495.855
2023-10-28,SULAWESI, CASHBACK 50K ,1650216.0,2210,Rp 14.276.892
2023-10-10,BALI,diskon 20%,558226.0,1920,Rp 22.491.855
2023-08-13,JAWA BARAT,Diskon-20%,3321610.0,6930,Rp 79.583.121
2023-09-23,SUMATERA,Diskon-20%,908454.0,1821,Rp 19.735.601
2023-10-12,SULAWESI,diskon 20%,4387728.0,5845,Rp 71.797.303
2023-09-12,SUMATERA,Diskon 20%,2650250.0,3531,Rp 32.993.029
2023-11-10,SUMATERA,Diskon 20 %,1157182.0,3218,Rp 39.617.792
2023-08-16,BALI, DISKON 20% ,3890160.0,8687,Rp 93.794.870
2023-09-06,BALI,Cashback 50K,1837599.0,66092,Rp 195.489
2023-08-01,JAWA BARAT, DISKON 20% ,3519559.0,9019,Rp 110.144.192
2023-09-12,SULAWESI,Diskon 20%,3912447.0,7301,Rp 110.457.362
2023-10-14,SULAWESI,Diskon 20 %,2006770.0,3131,Rp 34.793.328
2023-12-07,JAWA TIMUR,Diskon 20 %,4265423.0,11734,Rp 142.355.763
2023-11-27,BALI,Cashback 50k,3049873.0,4461,Rp 30.902.008
2023-11-29,JABODETABEK, DISKON 20% ,4066788.0,14272,Rp 193.548.502
2023-09-15,SUMATERA,Diskon 20 %,3488143.0,3928,Rp 56.717.677
2023-07-16,JAWA TIMUR,cashback 50k,2327267.0,3743,Rp 39.561.553
2023-09-07,JAWA TIMUR, CASHBACK 50K ,3999866.0,11114,Rp 85.236.355
2023-10-17,SUMATERA, DISKON 20% ,3023759.0,4228,Rp 54.979.463
2023-10-26,BALI,cashback 50k,1035297.0,2860,Rp 23.234.941
2023-10-04,SULAWESI,Diskon 20%,3562309.0,4716,Rp 36.798.756
2023-12-30,BALI, CASHBACK 50K ,,5512,Rp 32.302.297
2023-09-22,BALI,diskon 20%,1743449.0,4466,Rp 56.417.111
2023-12-25,JAWA BARAT,Diskon-20%,1595400.0,4532,Rp 46.711.685
2023-10-23,JAWA TIMUR, CASHBACK 50K ,4270264.0,5900,Rp 53.238.000
2023-09-18,JAWA BARAT,Cashback 50k,4741793.0,12019,Rp 76.939.444
2023-12-24,JAWA TIMUR, DISKON 20% ,3395903.0,5036,Rp 70.299.236
2023-12-03,JAWA BARAT, CASHBACK 50K ,3807751.0,6255,Rp 38.718.282
2023-12-06,BALI,Diskon-20%,873861.0,2736,Rp 37.366.768
2023-10-01,BALI,Cashback 50k,4963753.0,10020,Rp 84.333.851
2023-11-13,SULAWESI,Diskon 20%,2452957.0,4598,Rp 48.151.118
2023-10-18,SULAWESI,CB 50K,3580139.0,5015,Rp 32.830.222
2023-07-22,SULAWESI,cashback 50k,2073339.0,4173,Rp 24.447.102
2023-08-29,SUMATERA,Diskon 20%,2729400.0,5431,Rp 64.749.897
2023-10-02,SULAWESI, DISKON 20% ,914264.0,1780,Rp 15.946.473
2023-10-10,SUMATERA,Diskon 20%,2310457.0,2811,Rp 26.855.235
2023-08-02,BALI,Cashback 50k,3703672.0,8222,Rp 50.097.937
2023-08-05,BALI, DISKON 20% ,1996055.0,3459,Rp 43.149.761
2023-11-03,JABODETABEK,cashback 50k,4686713.0,14820,Rp 126.128.208
2023-12-17,JAWA BARAT,Cashback 50k,1584042.0,4692,Rp 37.766.909
2023-07-03,BALI,Diskon 20%,4002743.0,6707,Rp 77.384.155
2023-12-23,SULAWESI,Diskon-20%,4440441.0,6284,Rp 89.329.285
2023-09-19,JAWA BARAT, CASHBACK 50K ,,3560,Rp 17.152.118
2023-10-04,BALI, DISKON 20% ,1862757.0,3307,Rp 54.252.169
2023-09-17,SUMATERA,Diskon 20 %,4690443.0,5668,Rp 65.850.370
2023-09-12,JAWA TIMUR,Diskon 20%,2410104.0,4390,Rp 36.535.162
2023-12-13,SULAWESI,Diskon-20%,532216.0,20722,Rp 224.931
2023-10-22,SUMATERA,Diskon-20%,1953827.0,4244,Rp 60.478.121
2023-11-04,SUMATERA, DISKON 20% ,2279090.0,4626,Rp 40.693.318
2023-08-12,BALI,diskon 20%,2194625.0,4931,Rp 60.591.212
2023-11-05,JAWA BARAT,Cashback 50k,4127861.0,11930,Rp 81.695.629
2023-09-10,JAWA TIMUR,Diskon-20%,1982525.0,4825,Rp 47.817.905
2023-11-08,JAWA BARAT, DISKON 20% ,,11145,Rp 149.999.538
2023-07-23,SUMATERA,Cashback 50k,3198949.0,6980,Rp 36.454.937
2023-09-21,BALI,Diskon-20%,,2918,Rp 39.035.927
2023-10-14,BALI,diskon 20%,4431275.0,6579,Rp 97.479.446
2023-09-20,SULAWESI,Diskon-20%,4083080.0,4380,Rp 40.682.890
2023-10-19,BALI,diskon 20%,4958680.0,6563,Rp 79.876.411
2023-09-15,SULAWESI,Diskon 20 %,4899002.0,8055,Rp 108.888.485
2023-07-13,SULAWESI, CASHBACK 50K ,635761.0,1374,Rp 11.857.121
2023-12-09,SULAWESI,cashback 50k,4889399.0,8927,Rp 66.113.777
2023-11-25,BALI,CB 50K,4267929.0,7526,Rp 46.199.659
2023-10-01,JABODETABEK, CASHBACK 50K ,1118216.0,6338,Rp 43.411.842
2023-08-03,JABODETABEK, DISKON 20% ,1252494.0,6391,Rp 71.593.495
2023-08-07,JABODETABEK,Diskon 20 %,1011924.0,5328,Rp 63.528.437
2023-07-11,BALI,Cashback 50k,4645057.0,7392,Rp 56.215.968
2023-12-25,SULAWESI, CASHBACK 50K ,3820926.0,4935,Rp 28.872.875
2023-08-04,JAWA TIMUR, DISKON 20% ,2370539.0,4588,Rp 62.230.744
2023-07-02,JAWA TIMUR,Diskon 20 %,4736285.0,12285,Rp 142.476.512
2023-07-13,BALI,CB 50K,3038261.0,5255,Rp 31.511.609
2023-12-20,JAWA TIMUR,Diskon 20 %,2401422.0,3798,Rp 40.650.510
2023-07-10,SULAWESI,Diskon 20 %,3591241.0,6530,Rp 76.762.448
2023-12-07,BALI, DISKON 20% ,1926104.0,5084,Rp 46.780.286
2023-11-05,JABODETABEK,Diskon 20 %,1253410.0,6058,Rp 68.798.231
2023-12-18,SUMATERA, CASHBACK 50K ,3267395.0,6225,Rp 33.217.205
2023-09-17,SULAWESI,diskon 20%,2199628.0,2379,Rp 33.230.347
2023-09-09,SULAWESI,cashback 50k,2994792.0,4706,Rp 28.030.702
2023-09-01,BALI,cashback 50k,2986036.0,3483,Rp 27.661.498
2023-09-19,JABODETABEK,diskon 20%,2387832.0,8468,Rp 142.458.731
2023-09-21,SULAWESI,Diskon 20 %,530629.0,1342,Rp 14.757.742
2023-10-14,JAWA BARAT,cashback 50k,2713228.0,4425,Rp 33.047.966
2023-12-03,JAWA TIMUR,Cashback 50k,4259968.0,9575,Rp 67.321.379
2023-12-29,JAWA TIMUR, DISKON 20% ,4749487.0,11706,Rp 142.206.122
2023-08-23,JAWA BARAT, DISKON 20% ,1420069.0,3104,Rp 31.946.941
2023-08-30,SULAWESI,Diskon-20%,1659360.0,3377,Rp 37.684.567
2023-09-07,SULAWESI, DISKON 20% ,2959486.0,4311,Rp 52.999.604
2023-07-24,SUMATERA, CASHBACK 50K ,,4165,Rp 31.651.152
2023-12-09,JABODETABEK,Diskon-20%,3519368.0,13571,Rp 170.404.948
2023-07-15,SULAWESI,Diskon-20%,3684612.0,4310,Rp 57.107.807
2023-12-14,JAWA TIMUR,Diskon 20%,4247929.0,84552,Rp 483.962
2023-10-16,BALI,Cashback 50k,1311677.0,2438,Rp 15.996.122
2023-11-14,SUMATERA, DISKON 20% ,2970455.0,6354,Rp 66.762.456
2023-11-13,JAWA TIMUR,CB 50K,718720.0,2313,Rp 18.840.912
2023-08-23,BALI, CASHBACK 50K ,4047013.0,9391,Rp 84.876.986
2023-12-10,JABODETABEK,Diskon-20%,1275592.0,5871,Rp 91.187.958
2023-11-05,SULAWESI,Diskon 20 %,1835425.0,2050,Rp 15.905.661
2023-11-25,JAWA TIMUR,Cashback 50k,3706284.0,5953,Rp 46.004.924
2023-08-23,SUMATERA,Diskon 20 %,843893.0,1963,Rp 20.414.937
2023-07-11,JABODETABEK,Diskon 20 %,1772146.0,7706,Rp 93.720.412
2023-12-02,JAWA TIMUR,Cashback 50K,3393259.0,5201,Rp 38.665.091
2023-11-17,JAWA TIMUR,Diskon 20 %,1019139.0,2107,Rp 29.476.897
2023-12-11,JAWA BARAT,Diskon-20%,1622995.0,4547,Rp 62.748.799
2023-08-19,JAWA TIMUR,Diskon 20%,785831.0,2434,Rp 24.861.977
2023-08-15,JAWA BARAT,cashback 50k,4670560.0,9543,Rp 57.470.448
2023-07-08,SULAWESI,Cashback 50K,906337.0,1909,Rp 10.983.937
2023-08-30,JABODETABEK,CB 50K,3879555.0,14504,Rp 153.365.973
2023-07-03,SULAWESI,Diskon 20%,4163761.0,7609,Rp 80.615.248
2023-09-21,JAWA BARAT,cashback 50k,4444350.0,11507,Rp 70.791.433
2023-11-13,BALI,CB 50K,1704196.0,3468,Rp 34.682.967
2023-08-02,JAWA BARAT,diskon 20%,759498.0,2184,Rp 31.723.140
2023-12-28,SULAWESI, DISKON 20% ,1834029.0,3780,Rp 47.334.851
2023-11-22,SUMATERA,cashback 50k,3889524.0,7311,Rp 43.648.504
2023-11-12,JAWA TIMUR,Cashback 50K,3929908.0,5287,Rp 21.365.637
2023-09-28,BALI,Diskon 20 %,2694863.0,5972,Rp 70.393.117
2023-09-12,JABODETABEK, CASHBACK 50K ,2740942.0,5836,Rp 42.175.431
2023-07-24,JAWA TIMUR,cashback 50k,944707.0,2615,Rp 22.149.260
2023-11-26,JAWA BARAT,Diskon-20%,3623197.0,9722,Rp 155.060.231
2023-09-16,BALI, CASHBACK 50K ,3543815.0,8086,Rp 45.289.105
2023-12-21,JABODETABEK, DISKON 20% ,3784912.0,8692,Rp 102.683.020
2023-08-14,JAWA BARAT,CB 50K,4821214.0,11509,Rp 89.021.140
2023-08-13,SULAWESI,Diskon 20 %,3632452.0,6611,Rp 73.521.904
2023-12-17,JAWA TIMUR, CASHBACK 50K ,3451718.0,4446,Rp 19.684.190
2023-11-03,BALI, DISKON 20% ,3302635.0,6624,Rp 83.242.411
2023-07-01,SUMATERA,CB 50K,1742731.0,3774,Rp 23.831.664
2023-09-17,BALI, DISKON 20% ,2300103.0,4500,Rp 56.754.203
2023-10-19,JAWA BARAT,Diskon 20%,1695803.0,5445,Rp 51.125.804
2023-07-24,JAWA BARAT,diskon 20%,2862056.0,5182,Rp 67.024.489
2023-09-24,BALI,Cashback 50K,1827175.0,3635,Rp 27.125.222
2023-08-27,JABODETABEK,Diskon 20 %,4507455.0,9140,Rp 122.640.739
2023-12-04,SULAWESI,Cashback 50k,596919.0,1143,Rp 5.240.640
2023-07-09,SUMATERA,diskon 20%,4866393.0,5770,Rp 71.876.349
2023-09-27,JAWA TIMUR,Cashback 50k,1422213.0,4047,Rp 23.963.957
2023-09-11,JAWA TIMUR,Diskon-20%,1971374.0,3802,Rp 44.521.277
2023-09-28,SUMATERA, CASHBACK 50K ,1635582.0,3806,Rp 37.204.572
2023-10-24,BALI,Cashback 50k,4521237.0,5182,Rp 30.778.172
2023-10-01,SUMATERA,cashback 50k,3228324.0,4833,Rp 33.711.608
2023-12-06,JAWA TIMUR,cashback 50k,1209510.0,2631,Rp 23.865.636
2023-08-29,BALI,Cashback 50k,3092971.0,6997,Rp 44.294.787
2023-08-12,SUMATERA, DISKON 20% ,4814516.0,8771,Rp 120.147.561
2023-09-04,JABODETABEK,diskon 20%,2863090.0,9501,Rp 124.121.170
2023-10-29,JABODETABEK, CASHBACK 50K ,3287572.0,13319,Rp 133.002.559
2023-08-31,BALI,CB 50K,2731553.0,6666,Rp 46.896.867
2023-07-27,JAWA TIMUR,Cashback 50K,1283073.0,3302,Rp 17.196.372
2023-09-07,SUMATERA,Diskon 20%,,3353,Rp 49.016.861
2023-12-15,JAWA BARAT,Diskon 20 %,3777490.0,6180,Rp 86.710.567
2023-09-19,SULAWESI,Diskon-20%,1285164.0,2744,Rp 35.308.494
2023-07-25,JAWA TIMUR,Diskon 20%,3585956.0,5790,Rp 55.176.987
2023-11-15,SULAWESI,CB 50K,1944339.0,3925,Rp 42.723.148
2023-11-18,SUMATERA,diskon 20%,737816.0,1600,Rp 17.718.378
2023-10-05,JABODETABEK, DISKON 20% ,4264835.0,14594,Rp 156.451.268
2023-11-17,SUMATERA,Diskon 20%,684200.0,2065,Rp 22.668.851
2023-12-31,SULAWESI,diskon 20%,3966469.0,5030,Rp 66.096.005
2023-10-07,JABODETABEK, DISKON 20% ,1157325.0,5376,Rp 71.037.549
2023-08-18,JAWA TIMUR,Diskon 20 %,2654033.0,3937,Rp 65.695.502
2023-11-21,SULAWESI,Cashback 50K,4843810.0,7667,Rp 33.151.746
2023-08-05,SUMATERA,Diskon-20%,3479457.0,4288,Rp 61.550.667
2023-09-02,JAWA TIMUR,CB 50K,1027639.0,3896,Rp 21.035.639
2023-07-17,SUMATERA, DISKON 20% ,989813.0,2579,Rp 41.721.505
2023-09-23,JABODETABEK,CB 50K,3649765.0,8512,Rp 85.570.428
2023-10-08,JAWA TIMUR,Diskon 20%,4637068.0,10159,Rp 114.840.760
2023-07-07,SUMATERA,Diskon-20%,2345202.0,3170,Rp 30.433.152
2023-08-26,SULAWESI,cashback 50k,1370812.0,1855,Rp 16.267.323
2023-07-01,JAWA TIMUR,Diskon-20%,2164506.0,6158,Rp 77.552.939
2023-09-14,JAWA BARAT, DISKON 20% ,3735131.0,6979,Rp 77.424.489
2023-10-10,JAWA TIMUR,Cashback 50K,2157438.0,4302,Rp 22.832.908
2023-09-09,JABODETABEK, CASHBACK 50K ,4209948.0,13775,Rp 96.051.173
2023-11-19,JABODETABEK,Cashback 50k,1019512.0,4696,Rp 29.923.415
2023-07-19,SUMATERA,cashback 50k,702732.0,2291,Rp 21.458.863
2023-08-07,JAWA TIMUR, DISKON 20% ,2340856.0,5817,Rp 57.109.485
2023-12-05,JABODETABEK,diskon 20%,602787.0,3563,Rp 45.503.215
2023-07-13,JAWA BARAT,Diskon-20%,1224338.0,4082,Rp 56.604.473
2023-07-08,BALI, CASHBACK 50K ,3025529.0,4580,Rp 39.128.144
2023-10-15,JAWA TIMUR,Diskon-20%,3984549.0,8240,Rp 88.938.427
2023-07-19,BALI,Diskon 20%,2444177.0,3917,Rp 56.866.954
2023-07-17,JABODETABEK,Cashback 50k,,8670,Rp 49.174.493
2023-07-18,SULAWESI,Diskon 20%,2599490.0,5156,Rp 46.960.593
2023-12-21,SUMATERA,CB 50K,,3084,Rp 13.601.837
